x,y1,y2,y3,y4,y5,y6
11:00:16,6,24,,,,
11:00:17,6,24,,,,
11:00:18,6,24,,,,
11:00:19,6,24,,,,
11:00:20,12,24,,,,
11:00:21,12,24,,,,
11:00:22,295,86,800,,,
11:00:23,411,191,,,400,
11:00:24,411,295,,,,
11:00:25,431,287,,,,
11:00:26,509,283,,,,
11:00:27,563,283,,,,
11:00:28,541,271,,,,
11:00:29,541,271,,,,
11:00:30,541,271,,,,
11:00:31,583,293,,,,
11:00:32,569,269,,,,
11:00:33,569,271,,,,
11:00:34,569,297,,,,
11:00:35,577,279,,,,
11:00:36,577,279,,,,
11:00:37,569,293,,,,
11:00:38,555,303,,,,
11:00:39,583,303,,,,
11:00:40,583,309,,,,
11:00:41,565,309,,,,
11:00:42,565,309,,,,
11:00:43,563,283,,,,
11:00:44,563,283,,,,
11:00:45,563,295,,,,
11:00:46,567,303,,,,
11:00:47,567,311,,,,
11:00:48,567,305,,,,
11:00:49,577,321,,,,
11:00:50,577,299,,,,
11:00:51,577,319,,,,
11:00:52,577,319,,,,
11:00:53,547,313,,,,
11:00:54,547,313,,,,
11:00:55,571,283,,,,
11:00:56,585,291,,,,
11:00:57,585,297,,,,
11:00:58,591,297,,,,
11:00:59,575,311,,,,
11:01:00,575,311,,,,
11:01:01,389,143,,,,
11:01:02,435,197,,,,
11:01:03,435,263,,,,
11:01:04,605,327,,,,
11:01:05,12,327,,600,,200
11:01:06,12,10,,,,
11:01:07,12,10,,,,
11:01:08,12,10,,,,
11:01:09,12,10,,,,
11:01:10,12,10,,,,
11:01:11,12,10,,,,
11:01:12,12,10,,,,
11:01:13,12,10,,,,
11:01:14,12,10,,,,
11:01:15,12,10,,,,
11:01:16,12,10,,,,
11:01:17,8,10,,,,
11:01:18,8,10,,,,
11:01:19,8,10,,,,
11:01:20,8,10,,,,
11:01:21,102,10,,,,
11:01:22,1425,395,800,,400,
11:01:23,855,481,,,,
11:01:24,685,443,,,,
11:01:25,685,443,,,,
11:01:26,685,443,,,,
11:01:27,685,443,,,,
11:01:28,697,443,,,,
11:01:29,697,443,,,,
11:01:30,697,443,,,,
11:01:31,697,443,,,,
11:01:32,691,443,,,,
11:01:33,691,443,,,,
11:01:34,691,443,,,,
11:01:35,691,443,,,,
11:01:36,691,443,,,,
11:01:37,701,443,,,,
11:01:38,701,443,,,,
11:01:39,701,443,,,,
11:01:40,701,443,,,,
11:01:41,701,443,,,,
11:01:42,701,443,,,,
11:01:43,701,441,,,,
11:01:44,701,441,,,,
11:01:45,683,441,,,,
11:01:46,683,441,,,,
11:01:47,683,443,,,,
11:01:48,683,443,,,,
11:01:49,683,443,,,,
11:01:50,683,443,,,,
11:01:51,683,443,,,,
11:01:52,683,443,,,,
11:01:53,683,443,,,,
11:01:54,683,443,,,,
11:01:55,683,443,,,,
11:01:56,709,443,,,,
11:01:57,709,443,,,,
11:01:58,709,443,,,,
11:01:59,709,443,,,,
11:02:00,709,443,,,,
11:02:01,613,399,,,,
11:02:02,103,295,,,,
11:02:03,459,387,800,600,,
11:02:04,24,433,,,,
11:02:05,24,46,,600,,200
11:02:06,24,46,,,,
11:02:07,24,46,,,,
11:02:08,24,46,,,,
11:02:09,24,46,,,,
11:02:10,24,46,,,,
11:02:11,24,46,,,,
11:02:12,24,46,,,,
11:02:13,24,46,,,,
11:02:14,24,46,,,,
11:02:15,24,46,,,,
11:02:16,16,46,,,,
11:02:17,16,46,,,,
11:02:18,16,46,,,,
11:02:19,16,46,,,,
11:02:20,16,46,,,,
11:02:21,16,46,,,,
11:02:22,16,6,,,,
11:02:23,16,6,,,,
11:02:24,16,6,,,,
11:02:25,16,6,,,,
11:02:26,16,6,,,,
11:02:27,16,6,,,,
11:02:28,16,6,,,,
11:02:29,16,6,,,,
11:02:30,16,6,,,,
11:02:31,16,6,,,,
11:02:32,16,6,,,,
11:02:33,16,6,,,,
11:02:34,16,6,,,,
11:02:35,16,6,,,,
11:02:36,16,6,,,,
11:02:37,16,6,,,,
11:02:38,16,6,,,,
11:02:39,16,6,,,,
11:02:40,16,6,,,,
11:02:41,16,6,,,,
11:02:42,16,6,,,,
11:02:43,16,6,,,,
11:02:44,16,6,,,,
11:02:45,16,6,,,,
11:02:46,16,6,,,,
11:02:47,16,6,,,,
11:02:48,16,6,,,,
11:02:49,16,6,,,,
11:02:50,16,6,,,,
11:02:51,16,6,,,,
11:02:52,16,6,,,,
11:02:53,16,6,,,,
11:02:54,16,6,,,,
11:02:55,16,6,,,,
11:02:56,16,6,,,,
11:02:57,16,6,,,,
11:02:58,16,6,,,,
11:02:59,16,6,,,,
11:03:00,16,6,,,,
11:03:01,16,6,,,,
11:03:02,16,6,,,,
11:03:03,16,6,,,,
11:03:04,16,6,,,,
11:03:05,16,6,,,,
11:03:06,16,6,,,,
11:03:07,16,6,,,,
11:03:08,16,6,,,,
11:03:09,16,6,,,,
11:03:10,16,6,,,,
11:03:11,16,6,,,,
11:03:12,16,6,,,,
11:03:13,6,6,,,,
11:03:14,6,6,,,,
11:03:15,6,6,,,,
11:03:16,6,6,,,,
11:03:17,6,6,,,,
11:03:18,6,6,,,,
11:03:19,6,6,,,,
11:03:20,6,6,,,,
11:03:21,6,6,,,,
11:03:22,6,6,,,,
11:03:23,6,6,,,,
11:03:24,6,6,,,,
11:03:25,6,6,,,,
11:03:26,6,6,,,,
11:03:27,6,6,,,,
11:03:28,6,6,,,,
11:03:29,6,6,,,,
11:03:30,6,6,,,,
11:03:31,6,6,,,,
11:03:32,6,6,,,,
11:03:33,6,6,,,,
11:03:34,6,6,,,,
11:03:35,6,6,,,,
11:03:36,6,6,,,,
11:03:37,6,6,,,,
11:03:38,6,6,,,,
11:03:39,6,6,,,,
11:03:40,6,6,,,,
11:03:41,167,44,,,,
11:03:42,167,44,800,,,
11:03:43,267,261,,,400,
11:03:44,219,557,,,,
11:03:45,219,471,,,,
11:03:46,359,217,,,,
11:03:47,359,175,,,,
11:03:48,359,175,,,,
11:03:49,363,175,,,,
11:03:50,363,175,,,,
11:03:51,363,175,,,,
11:03:52,363,175,,,,
11:03:53,373,175,,,,
11:03:54,385,175,,,,
11:03:55,385,175,,,,
11:03:56,371,175,,,,
11:03:57,371,175,,,,
11:03:58,371,175,,,,
11:03:59,371,175,,,,
11:04:00,371,175,,,,
11:04:01,371,175,,,,
11:04:02,361,175,,,,
11:04:03,361,175,,,,
11:04:04,361,175,,,,
11:04:05,361,175,,,,
11:04:06,361,175,,,,
11:04:07,285,401,,,,
11:04:08,503,515,,,,
11:04:09,341,445,,,,
11:04:10,575,599,,,,
11:04:11,32,34,,600,,200
11:04:12,32,34,,,,
11:04:13,32,34,,,,
11:04:14,32,88,,,,
11:04:15,211,233,800,,,
11:04:16,473,469,,,400,
11:04:17,765,297,,,,
11:04:18,765,297,,,,
11:04:19,533,457,,,,
11:04:20,503,421,,,,
11:04:21,503,401,,,,
11:04:22,499,417,,,,
11:04:23,525,431,,,,
11:04:24,517,419,,,,
11:04:25,499,391,,,,
11:04:26,505,411,,,,
11:04:27,533,383,,,,
11:04:28,533,399,,,,
11:04:29,515,401,,,,
11:04:30,517,379,,,,
11:04:31,497,421,,,,
11:04:32,503,407,,,,
11:04:33,531,397,,,,
11:04:34,531,433,,,,
11:04:35,525,401,,,,
11:04:36,525,401,,,,
11:04:37,523,419,,,,
11:04:38,525,431,,,,
11:04:39,525,383,,,,
11:04:40,499,395,,,,
11:04:41,523,403,,,,
11:04:42,517,421,,,,
11:04:43,535,435,,,,
11:04:44,513,417,,,,
11:04:45,519,431,,,,
11:04:46,515,401,,,,
11:04:47,499,427,,,,
11:04:48,421,369,,,,
11:04:49,421,333,,,,
11:04:50,407,375,,,,
11:04:51,361,241,,,,
11:04:52,669,443,,,,
11:04:53,135,143,,600,,
11:04:54,52,143,800,,,200
11:04:55,52,22,,600,,
11:04:56,52,22,,,,
11:04:57,52,22,,,,
11:04:58,52,22,,,,
11:04:59,52,22,,,,
11:05:00,52,22,,,,
11:05:01,52,22,,,,
11:05:02,52,22,,,,
11:05:03,52,22,,,,
11:05:04,12,22,,,,
11:05:05,12,22,,,,
11:05:06,12,22,,,,
11:05:07,12,22,,,,
11:05:08,12,22,,,,
11:05:09,12,16,,,,
11:05:10,12,16,,,,
11:05:11,12,16,,,,
11:05:12,12,16,,,,
11:05:13,12,16,,,,
11:05:14,12,16,,,,
11:05:15,12,16,,,,
11:05:16,12,16,,,,
11:05:17,12,16,,,,
11:05:18,12,16,,,,
11:05:19,12,16,,,,
11:05:20,12,16,,,,
11:05:21,12,16,,,,
11:05:22,12,16,,,,
11:05:23,12,16,,,,
11:05:24,12,16,,,,
11:05:25,12,16,,,,
11:05:26,12,16,,,,
11:05:27,24,16,,,,
11:05:28,24,16,,,,
11:05:29,24,16,,,,
11:05:30,24,16,,,,
11:05:31,24,16,,,,
11:05:32,24,16,,,,
11:05:33,24,16,,,,
11:05:34,24,16,,,,
11:05:35,24,16,,,,
11:05:36,24,16,,,,
11:05:37,24,16,,,,
11:05:38,24,16,,,,
11:05:39,24,16,,,,
11:05:40,24,16,,,,
11:05:41,24,16,,,,
11:05:42,24,16,,,,
11:05:43,24,16,,,,
11:05:44,24,16,,,,
11:05:45,24,16,,,,
11:05:46,24,16,,,,
11:05:47,24,16,,,,
11:05:48,24,16,,,,
11:05:49,24,22,,,,
11:05:50,24,22,,,,
11:05:51,24,22,,,,
11:05:52,24,22,,,,
11:05:53,24,22,,,,
11:05:54,24,22,,,,
11:05:55,387,635,,,,
11:05:56,597,373,800,,400,
11:05:57,597,385,,,,
11:05:58,597,391,,,,
11:05:59,597,391,,,,
11:06:00,597,391,,,,
11:06:01,597,391,,,,
11:06:02,589,391,,,,
11:06:03,589,407,,,,
11:06:04,589,407,,,,
11:06:05,589,417,,,,
11:06:06,589,417,,,,
11:06:07,589,387,,,,
11:06:08,589,389,,,,
11:06:09,589,389,,,,
11:06:10,589,417,,,,
11:06:11,589,393,,,,
11:06:12,589,393,,,,
11:06:13,577,383,,,,
11:06:14,605,395,,,,
11:06:15,605,395,,,,
11:06:16,605,395,,,,
11:06:17,605,395,,,,
11:06:18,605,395,,,,
11:06:19,605,395,,,,
11:06:20,605,395,,,,
11:06:21,605,417,,,,
11:06:22,605,417,,,,
11:06:23,571,437,,,,
11:06:24,611,437,,,,
11:06:25,655,547,,,,
11:06:26,32,24,,,,
11:06:27,32,24,,600,,200
11:06:28,32,24,,,,
11:06:29,32,24,,,,
11:06:30,32,24,,,,
11:06:31,32,24,,,,
11:06:32,32,24,,,,
11:06:33,32,24,,,,
11:06:34,32,24,,,,
11:06:35,32,24,,,,
11:06:36,32,24,,,,
11:06:37,32,24,,,,
11:06:38,32,24,,,,
11:06:39,32,24,,,,
11:06:40,32,24,,,,
11:06:41,32,24,,,,
11:06:42,32,24,,,,
11:06:43,32,24,,,,
11:06:44,32,24,,,,
11:06:45,32,24,,,,
11:06:46,32,24,,,,
11:06:47,32,24,,,,
11:06:48,32,24,,,,
11:06:49,32,24,,,,
11:06:50,32,24,,,,
11:06:51,32,28,,,,
11:06:52,32,28,,,,
11:06:53,32,28,,,,
11:06:54,32,28,,,,
11:06:55,32,28,,,,
11:06:56,32,28,,,,
11:06:57,32,28,,,,
11:06:58,32,28,,,,
11:06:59,16,28,,,,
11:07:00,16,28,,,,
11:07:01,16,28,,,,
11:07:02,16,28,,,,
11:07:03,16,28,,,,
11:07:04,90,147,800,,,
11:07:05,1179,319,,,,
11:07:06,1179,1273,,,400,
11:07:07,1123,1449,,,,
11:07:08,1105,1305,,,,
11:07:09,1127,1141,,,,
11:07:10,1017,1001,,,,
11:07:11,1043,987,,,,
11:07:12,969,1075,,,,
11:07:13,1139,931,,,,
11:07:14,885,877,,,,
11:07:15,955,821,,,,
11:07:16,829,821,,,,
11:07:17,851,831,,,,
11:07:18,857,831,,,,
11:07:19,895,779,,,,
11:07:20,923,779,,,,
11:07:21,923,779,,,,
11:07:22,925,779,,,,
11:07:23,893,779,,,,
11:07:24,897,779,,,,
11:07:25,915,779,,,,
11:07:26,925,755,,,,
11:07:27,901,755,,,,
11:07:28,929,755,,,,
11:07:29,907,745,,,,
11:07:30,799,521,,,,
11:07:31,499,349,,,,
11:07:32,889,887,,,,
11:07:33,84,355,,,,200
11:07:34,40,16,,600,,
11:07:35,40,16,,,,
11:07:36,40,16,,,,
11:07:37,40,16,,,,
11:07:38,40,16,,,,
11:07:39,40,16,,,,
11:07:40,40,16,,,,
11:07:41,40,16,,,,
11:07:42,40,16,,,,
11:07:43,40,16,,,,
11:07:44,40,16,,,,
11:07:45,40,16,,,,
11:07:46,40,16,,,,
11:07:47,40,16,,,,
11:07:48,40,16,,,,
11:07:49,40,16,,,,
11:07:50,40,16,,,,
11:07:51,40,16,,,,
11:07:52,40,16,,,,
11:07:53,40,16,,,,
11:07:54,10,16,,,,
11:07:55,10,16,,,,
11:07:56,10,16,,,,
11:07:57,10,16,,,,
11:07:58,10,16,,,,
11:07:59,10,16,,,,
11:08:00,10,16,,,,
11:08:01,10,18,,,,
11:08:02,10,18,,,,
11:08:03,10,18,,,,
11:08:04,10,18,,,,
11:08:05,10,18,,,,
11:08:06,10,18,,,,
11:08:07,10,18,,,,
11:08:08,10,18,,,,
11:08:09,10,18,,,,
11:08:10,10,18,,,,
11:08:11,10,18,,,,
11:08:12,10,18,,,,
11:08:13,10,18,,,,
11:08:14,10,18,,,,
11:08:15,10,18,,,,
11:08:16,10,18,,,,
11:08:17,10,18,,,,
11:08:18,10,18,,,,
11:08:19,10,18,,,,
11:08:20,10,18,,,,
11:08:21,10,18,,,,
11:08:22,10,18,,,,
11:08:23,10,18,,,,
11:08:24,10,18,,,,
11:08:25,110,413,800,,,
11:08:26,383,1063,,,400,
11:08:27,419,1101,,,,
11:08:28,439,1101,,,,
11:08:29,439,1111,,,,
11:08:30,439,1111,,,,
11:08:31,439,1101,,,,
11:08:32,439,1091,,,,
11:08:33,439,1091,,,,
11:08:34,427,1091,,,,
11:08:35,405,1091,,,,
11:08:36,405,1091,,,,
11:08:37,433,1091,,,,
11:08:38,433,1091,,,,
11:08:39,433,1091,,,,
11:08:40,433,1091,,,,
11:08:41,433,1091,,,,
11:08:42,433,1091,,,,
11:08:43,433,1091,,,,
11:08:44,395,1165,,,,
11:08:45,309,1159,,,,
11:08:46,639,911,,,,
11:08:47,259,431,,,,
11:08:48,38,50,,,,200
11:08:49,38,50,,600,,
11:08:50,38,50,,,,
11:08:51,14,50,,,,
11:08:52,14,50,,,,
11:08:53,14,50,,,,
11:08:54,14,50,,,,
11:08:55,14,50,,,,
11:08:56,14,2,,,,
11:08:57,14,2,,,,
11:08:58,14,2,,,,
11:08:59,14,10,,,,
11:09:00,14,10,,,,
11:09:01,14,10,,,,
11:09:02,14,10,,,,
11:09:03,14,10,,,,
11:09:04,14,10,,,,
11:09:05,14,10,,,,
11:09:06,14,10,,,,
11:09:07,14,10,,,,
11:09:08,14,10,,,,
11:09:09,14,10,,,,
11:09:10,14,10,,,,
11:09:11,14,10,,,,
11:09:12,14,10,,,,
11:09:13,14,10,,,,
11:09:14,14,10,,,,
11:09:15,14,10,,,,
11:09:16,14,10,,,,
11:09:17,14,10,,,,
11:09:18,14,10,,,,
11:09:19,14,10,,,,
11:09:20,14,10,,,,
11:09:21,14,10,,,,
11:09:22,14,10,,,,
11:09:23,14,10,,,,
11:09:24,14,10,,,,
11:09:25,14,10,,,,
11:09:26,14,10,,,,
11:09:27,14,10,,,,
11:09:28,14,10,,,,
11:09:29,14,10,,,,
11:09:30,14,10,,,,
11:09:31,14,10,,,,
11:09:32,14,10,,,,
11:09:33,14,10,,,,
11:09:34,14,10,,,,
11:09:35,14,10,,,,
11:09:36,14,10,,,,
11:09:37,14,10,,,,
11:09:38,14,10,,,,
11:09:39,14,10,,,,
11:09:40,14,10,,,,
11:09:41,14,10,,,,
11:09:42,14,10,,,,
11:09:43,14,10,,,,
11:09:44,14,10,,,,
11:09:45,14,10,,,,
11:09:46,14,10,,,,
11:09:47,14,10,,,,
11:09:48,14,10,,,,
11:09:49,6,10,,,,
11:09:50,6,10,,,,
11:09:51,6,10,,,,
11:09:52,6,10,,,,
11:09:53,6,10,,,,
11:09:54,6,10,,,,
11:09:55,6,10,,,,
11:09:56,6,10,,,,
11:09:57,6,12,,,,
11:09:58,6,12,,,,
11:09:59,6,12,,,,
11:10:00,6,12,,,,
11:10:01,6,12,,,,
11:10:02,6,12,,,,
11:10:03,6,12,,,,
11:10:04,6,12,,,,
11:10:05,6,12,,,,
11:10:06,6,12,,,,
11:10:07,6,12,,,,
11:10:08,6,12,,,,
11:10:09,6,12,,,,
11:10:10,6,12,,,,
11:10:11,6,12,,,,
11:10:12,6,12,,,,
11:10:13,6,12,,,,
11:10:14,6,12,,,,
11:10:15,6,12,,,,
11:10:16,6,12,,,,
11:10:17,6,12,,,,
11:10:18,6,12,,,,
11:10:19,6,12,,,,
11:10:20,6,12,,,,
11:10:21,6,12,,,,
11:10:22,6,12,,,,
11:10:23,6,12,,,,
11:10:24,6,12,,,,
11:10:25,20,12,,,,
11:10:26,20,12,,,,
11:10:27,20,12,,,,
11:10:28,20,12,,,,
11:10:29,20,12,,,,
11:10:30,20,12,,,,
11:10:31,20,12,,,,
11:10:32,20,12,,,,
11:10:33,20,12,,,,
11:10:34,20,12,,,,
11:10:35,20,12,,,,
11:10:36,20,12,,,,
11:10:37,20,12,,,,
11:10:38,20,12,,,,
11:10:39,20,12,,,,
11:10:40,20,12,,,,
11:10:41,20,12,,,,
11:10:42,20,12,,,,
11:10:43,20,12,,,,
11:10:44,20,12,,,,
11:10:45,20,12,,,,
11:10:46,20,12,,,,
11:10:47,20,12,,,,
11:10:48,10,12,,,,
11:10:49,10,12,,,,
11:10:50,10,12,,,,
11:10:51,10,12,,,,
11:10:52,10,12,,,,
11:10:53,10,12,,,,
11:10:54,10,12,,,,
11:10:55,10,12,,,,
11:10:56,10,10,,,,
11:10:57,10,10,,,,
11:10:58,10,10,,,,
11:10:59,10,10,,,,
11:11:00,10,10,,,,
11:11:01,74,80,,,,
11:11:02,969,647,800,,,
11:11:03,969,787,,,400,
11:11:04,1199,873,,,,
11:11:05,1217,903,,,,
11:11:06,1213,857,,,,
11:11:07,1205,913,,,,
11:11:08,1183,909,,,,
11:11:09,1273,915,,,,
11:11:10,1145,903,,,,
11:11:11,1197,903,,,,
11:11:12,1163,915,,,,
11:11:13,1165,909,,,,
11:11:14,1197,891,,,,
11:11:15,1193,891,,,,
11:11:16,1187,933,,,,
11:11:17,1169,895,,,,
11:11:18,1169,895,,,,
11:11:19,1193,889,,,,
11:11:20,1171,903,,,,
11:11:21,1193,901,,,,
11:11:22,1185,913,,,,
11:11:23,1213,897,,,,
11:11:24,1167,879,,,,
11:11:25,1195,877,,,,
11:11:26,1183,899,,,,
11:11:27,1183,883,,,,
11:11:28,1163,913,,,,
11:11:29,1177,917,,,,
11:11:30,1177,871,,,,
11:11:31,1177,881,,,,
11:11:32,1189,907,,,,
11:11:33,1199,907,,,,
11:11:34,1169,895,,,,
11:11:35,1195,867,,,,
11:11:36,1195,867,,,,
11:11:37,1207,881,,,,
11:11:38,1169,871,,,,
11:11:39,1165,907,,,,
11:11:40,1191,875,,,,
11:11:41,1165,889,,,,
11:11:42,1201,889,,,,
11:11:43,1213,875,,,,
11:11:44,1191,901,,,,
11:11:45,1195,913,,,,
11:11:46,1177,897,,,,
11:11:47,1203,921,,,,
11:11:48,1193,899,,,,
11:11:49,1189,903,,,,
11:11:50,1173,871,,,,
11:11:51,1171,881,,,,
11:11:52,1173,873,,,,
11:11:53,1167,921,,,,
11:11:54,1167,921,,,,
11:11:55,1191,887,,,,
11:11:56,1193,867,,,,
11:11:57,1193,881,,,,
11:11:58,1169,865,,,,
11:11:59,1189,931,,,,
11:12:00,1439,911,,,,
11:12:01,2387,1701,,,,
11:12:02,2053,993,,,,
11:12:03,291,517,,,,
11:12:04,40,38,,600,,200
11:12:05,40,38,,,,
11:12:06,40,38,,,,
11:12:07,40,38,,,,
11:12:08,40,38,,,,
11:12:09,40,38,,,,
11:12:10,40,38,,,,
11:12:11,40,38,,,,
11:12:12,40,38,,,,
11:12:13,40,38,,,,
11:12:14,40,38,,,,
11:12:15,40,38,,,,
11:12:16,40,38,,,,
11:12:17,40,38,,,,
11:12:18,40,38,,,,
11:12:19,40,38,,,,
11:12:20,40,38,,,,
11:12:21,40,38,,,,
11:12:22,40,38,,,,
11:12:23,40,38,,,,
11:12:24,40,38,,,,
11:12:25,40,38,,,,
11:12:26,40,38,,,,
11:12:27,40,38,,,,
11:12:28,40,38,,,,
11:12:29,40,38,,,,
11:12:30,40,38,,,,
11:12:31,40,38,,,,
11:12:32,40,38,,,,
11:12:33,40,38,,,,
11:12:34,40,38,,,,
11:12:35,40,38,,,,
11:12:36,40,38,,,,
11:12:37,12,38,,,,
11:12:38,12,38,,,,
11:12:39,12,38,,,,
11:12:40,12,38,,,,
11:12:41,12,38,,,,
11:12:42,12,38,,,,
11:12:43,12,38,,,,
11:12:44,12,8,,,,
11:12:45,12,8,,,,
11:12:46,12,8,,,,
11:12:47,30,8,,,,
11:12:48,30,8,,,,
11:12:49,4,8,,,,
11:12:50,4,8,,,,
11:12:51,4,8,,,,
11:12:52,4,8,,,,
11:12:53,4,8,,,,
11:12:54,4,8,,,,
11:12:55,4,8,,,,
11:12:56,4,8,,,,
11:12:57,4,8,,,,
11:12:58,26,8,,,,
11:12:59,26,8,,,,
11:13:00,26,8,,,,
11:13:01,26,8,,,,
11:13:02,26,4,,,,
11:13:03,26,4,,,,
11:13:04,26,4,,,,
11:13:05,375,733,,,,
11:13:06,297,733,800,,400,
11:13:07,1227,1389,,,,
11:13:08,671,589,,,,
11:13:09,671,597,,,,
11:13:10,671,559,,,,
11:13:11,671,559,,,,
11:13:12,695,559,,,,
11:13:13,725,559,,,,
11:13:14,725,513,,,,
11:13:15,727,513,,,,
11:13:16,725,513,,,,
11:13:17,735,529,,,,
11:13:18,745,499,,,,
11:13:19,739,519,,,,
11:13:20,739,505,,,,
11:13:21,739,527,,,,
11:13:22,733,515,,,,
11:13:23,743,511,,,,
11:13:24,743,511,,,,
11:13:25,707,535,,,,
11:13:26,753,535,,,,
11:13:27,753,513,,,,
11:13:28,753,479,,,,
11:13:29,743,475,,,,
11:13:30,747,465,,,,
11:13:31,743,495,,,,
11:13:32,743,485,,,,
11:13:33,773,487,,,,
11:13:34,753,487,,,,
11:13:35,741,467,,,,
11:13:36,743,487,,,,
11:13:37,743,487,,,,
11:13:38,759,495,,,,
11:13:39,759,473,,,,
11:13:40,763,483,,,,
11:13:41,767,469,,,,
11:13:42,767,469,,,,
11:13:43,741,469,,,,
11:13:44,743,463,,,,
11:13:45,743,463,,,,
11:13:46,741,455,,,,
11:13:47,765,497,,,,
11:13:48,755,473,,,,
11:13:49,735,493,,,,
11:13:50,769,493,,,,
11:13:51,745,487,,,,
11:13:52,765,455,,,,
11:13:53,755,455,,,,
11:13:54,779,481,,,,
11:13:55,767,473,,,,
11:13:56,753,487,,,,
11:13:57,781,467,,,,
11:13:58,747,481,,,,
11:13:59,765,501,,,,
11:14:00,755,501,,,,
11:14:01,783,471,,,,
11:14:02,757,467,,,,
11:14:03,757,467,,,,
11:14:04,739,489,,,,
11:14:05,763,489,,,,
11:14:06,769,475,,,,
11:14:07,767,481,,,,
11:14:08,743,485,,,,
11:14:09,753,485,,,,
11:14:10,753,479,,,,
11:14:11,771,461,,,,
11:14:12,751,479,,,,
11:14:13,751,473,,,,
11:14:14,763,481,,,,
11:14:15,765,481,,,,
11:14:16,745,477,,,,
11:14:17,761,471,,,,
11:14:18,761,471,,,,
11:14:19,779,499,,,,
11:14:20,747,455,,,,
11:14:21,747,491,,,,
11:14:22,747,463,,,,
11:14:23,757,463,,,,
11:14:24,781,497,,,,
11:14:25,777,499,,,,
11:14:26,777,493,,,,
11:14:27,743,493,,,,
11:14:28,771,493,,,,
11:14:29,753,491,,,,
11:14:30,773,497,,,,
11:14:31,745,465,,,,
11:14:32,771,471,,,,
11:14:33,781,471,,,,
11:14:34,761,471,,,,
11:14:35,747,461,,,,
11:14:36,769,461,,,,
11:14:37,757,463,,,,
11:14:38,757,463,,,,
11:14:39,757,501,,,,
11:14:40,751,471,,,,
11:14:41,751,495,,,,
11:14:42,777,495,,,,
11:14:43,783,475,,,,
11:14:44,749,475,,,,
11:14:45,755,461,,,,
11:14:46,753,489,,,,
11:14:47,753,489,,,,
11:14:48,753,483,,,,
11:14:49,753,465,,,,
11:14:50,755,465,,,,
11:14:51,747,465,,,,
11:14:52,747,459,,,,
11:14:53,763,491,,,,
11:14:54,579,491,,,,
11:14:55,991,597,,,,
11:14:56,1201,933,,,,
11:14:57,1201,933,,,,
11:14:58,42,16,,,,200
11:14:59,42,16,,600,,
11:15:00,42,16,,,,
11:15:01,42,50,,,,
11:15:02,88,489,800,,,
11:15:03,521,353,,,400,
11:15:04,583,319,,,,
11:15:05,583,319,,,,
11:15:06,595,319,,,,
11:15:07,617,319,,,,
11:15:08,617,319,,,,
11:15:09,617,319,,,,
11:15:10,599,301,,,,
11:15:11,595,301,,,,
11:15:12,595,301,,,,
11:15:13,561,301,,,,
11:15:14,561,301,,,,
11:15:15,561,301,,,,
11:15:16,547,301,,,,
11:15:17,547,301,,,,
11:15:18,561,301,,,,
11:15:19,561,301,,,,
11:15:20,561,301,,,,
11:15:21,579,301,,,,
11:15:22,607,301,,,,
11:15:23,607,301,,,,
11:15:24,607,313,,,,
11:15:25,607,313,,,,
11:15:26,607,313,,,,
11:15:27,579,315,,,,
11:15:28,579,315,,,,
11:15:29,579,315,,,,
11:15:30,579,315,,,,
11:15:31,589,315,,,,
11:15:32,581,293,,,,
11:15:33,581,293,,,,
11:15:34,561,293,,,,
11:15:35,561,293,,,,
11:15:36,561,293,,,,
11:15:37,561,293,,,,
11:15:38,561,291,,,,
11:15:39,583,291,,,,
11:15:40,583,291,,,,
11:15:41,583,291,,,,
11:15:42,585,289,,,,
11:15:43,585,289,,,,
11:15:44,585,289,,,,
11:15:45,555,289,,,,
11:15:46,553,289,,,,
11:15:47,553,289,,,,
11:15:48,553,289,,,,
11:15:49,553,289,,,,
11:15:50,553,289,,,,
11:15:51,553,289,,,,
11:15:52,617,305,,,,
11:15:53,617,305,,,,
11:15:54,617,305,,,,
11:15:55,617,305,,,,
11:15:56,617,305,,,,
11:15:57,611,305,,,,
11:15:58,565,305,,,,
11:15:59,565,305,,,,
11:16:00,549,305,,,,
11:16:01,549,305,,,,
11:16:02,573,297,,,,
11:16:03,573,297,,,,
11:16:04,573,297,,,,
11:16:05,609,297,,,,
11:16:06,585,297,,,,
11:16:07,585,297,,,,
11:16:08,575,315,,,,
11:16:09,575,315,,,,
11:16:10,575,291,,,,
11:16:11,575,291,,,,
11:16:12,575,291,,,,
11:16:13,545,291,,,,
11:16:14,545,291,,,,
11:16:15,545,291,,,,
11:16:16,317,291,,,,
11:16:17,567,449,,,,
11:16:18,529,321,,,,
11:16:19,395,411,,,,
11:16:20,60,90,,,,200
11:16:21,141,225,800,600,,
11:16:22,223,431,,,,
11:16:23,1483,1213,,,,
11:16:24,1377,1213,,,400,
11:16:25,1445,1393,,,,
11:16:26,1425,1329,,,,
11:16:27,1425,1329,,,,
11:16:28,1425,1339,,,,
11:16:29,1425,1357,,,,
11:16:30,1425,1361,,,,
11:16:31,1425,1339,,,,
11:16:32,1425,1339,,,,
11:16:33,1425,1337,,,,
11:16:34,1353,1137,,,,
11:16:35,1353,1153,,,,
11:16:36,1353,1153,,,,
11:16:37,1349,1123,,,,
11:16:38,1325,1123,,,,
11:16:39,1325,1153,,,,
11:16:40,1321,1153,,,,
11:16:41,1323,1155,,,,
11:16:42,1323,1155,,,,
11:16:43,1323,1131,,,,
11:16:44,1323,1133,,,,
11:16:45,1323,1133,,,,
11:16:46,1323,1135,,,,
11:16:47,1315,1157,,,,
11:16:48,1315,1157,,,,
11:16:49,1341,1147,,,,
11:16:50,1363,1163,,,,
11:16:51,1363,1163,,,,
11:16:52,1357,1157,,,,
11:16:53,1357,1155,,,,
11:16:54,1343,1155,,,,
11:16:55,1343,1155,,,,
11:16:56,1343,1147,,,,
11:16:57,1343,1143,,,,
11:16:58,1343,1143,,,,
11:16:59,1343,1147,,,,
11:17:00,1343,1127,,,,
11:17:01,1343,1127,,,,
11:17:02,1357,1153,,,,
11:17:03,1357,1153,,,,
11:17:04,1343,1153,,,,
11:17:05,1343,1153,,,,
11:17:06,1343,1153,,,,
11:17:07,1411,1227,,,,
11:17:08,1405,1227,,,,
11:17:09,1405,1227,,,,
11:17:10,1405,1259,,,,
11:17:11,1405,1251,,,,
11:17:12,1405,1251,,,,
11:17:13,1421,1267,,,,
11:17:14,1421,1233,,,,
11:17:15,1421,1283,,,,
11:17:16,1253,1089,,,,
11:17:17,483,491,,,,
11:17:18,307,491,,,,
11:17:19,235,123,,600,,200
11:17:20,46,30,,,,
11:17:21,46,30,,,,
11:17:22,46,30,,,,
11:17:23,46,30,,,,
11:17:24,46,30,,,,
11:17:25,46,16,,,,
11:17:26,46,16,,,,
11:17:27,46,16,,,,
11:17:28,6,16,,,,
11:17:29,6,16,,,,
11:17:30,6,16,,,,
11:17:31,6,16,,,,
11:17:32,6,16,,,,
11:17:33,6,16,,,,
11:17:34,6,16,,,,
11:17:35,6,16,,,,
11:17:36,6,16,,,,
11:17:37,6,16,,,,
11:17:38,629,425,,,,
11:17:39,629,425,800,,,
11:17:40,1269,575,,,400,
11:17:41,1315,575,,,,
11:17:42,1315,575,,,,
11:17:43,1315,575,,,,
11:17:44,1315,575,,,,
11:17:45,1315,575,,,,
11:17:46,1325,575,,,,
11:17:47,1491,701,,,,
11:17:48,1365,589,,,,
11:17:49,167,337,,,,
11:17:50,333,229,,600,,
11:17:51,465,351,800,,,
11:17:52,97,60,,600,,200
11:17:53,52,60,,,,
11:17:54,52,60,,,,
11:17:55,52,60,,,,
11:17:56,52,60,,,,
11:17:57,52,60,,,,
11:17:58,52,60,,,,
11:17:59,52,60,,,,
11:18:00,52,60,,,,
11:18:01,52,60,,,,
11:18:02,52,60,,,,
11:18:03,52,60,,,,
11:18:04,52,38,,,,
11:18:05,52,38,,,,
11:18:06,52,38,,,,
11:18:07,52,38,,,,
11:18:08,52,38,,,,
11:18:09,52,38,,,,
11:18:10,52,38,,,,
11:18:11,52,38,,,,
11:18:12,8,38,,,,
11:18:13,8,38,,,,
11:18:14,8,38,,,,
11:18:15,8,38,,,,
11:18:16,8,38,,,,
11:18:17,8,38,,,,
11:18:18,8,38,,,,
11:18:19,8,8,,,,
11:18:20,8,8,,,,
11:18:21,8,8,,,,
11:18:22,8,20,,,,
11:18:23,8,20,,,,
11:18:24,8,20,,,,
11:18:25,8,20,,,,
11:18:26,16,20,,,,
11:18:27,16,20,,,,
11:18:28,16,20,,,,
11:18:29,16,20,,,,
11:18:30,16,20,,,,
11:18:31,16,20,,,,
11:18:32,16,20,,,,
11:18:33,16,20,,,,
11:18:34,16,20,,,,
11:18:35,16,20,,,,
11:18:36,16,20,,,,
11:18:37,16,20,,,,
11:18:38,16,20,,,,
11:18:39,16,20,,,,
11:18:40,16,20,,,,
11:18:41,16,20,,,,
11:18:42,16,20,,,,
11:18:43,16,20,,,,
11:18:44,16,20,,,,
11:18:45,16,20,,,,
11:18:46,16,20,,,,
11:18:47,16,20,,,,
11:18:48,16,20,,,,
11:18:49,16,20,,,,
11:18:50,16,20,,,,
11:18:51,16,20,,,,
11:18:52,16,20,,,,
11:18:53,16,20,,,,
11:18:54,16,20,,,,
11:18:55,16,20,,,,
11:18:56,16,20,,,,
11:18:57,16,20,,,,
11:18:58,16,20,,,,
11:18:59,16,20,,,,
11:19:00,16,20,,,,
11:19:01,16,20,,,,
11:19:02,16,20,,,,
11:19:03,16,20,,,,
11:19:04,16,20,,,,
11:19:05,16,20,,,,
11:19:06,16,20,,,,
11:19:07,16,20,,,,
11:19:08,16,20,,,,
11:19:09,16,20,,,,
11:19:10,16,20,,,,
11:19:11,4,20,,,,
11:19:12,4,20,,,,
11:19:13,4,20,,,,
11:19:14,4,20,,,,
11:19:15,4,20,,,,
11:19:16,4,20,,,,
11:19:17,4,20,,,,
11:19:18,4,70,,,,
11:19:19,673,181,800,,,
11:19:20,345,615,,,400,
11:19:21,361,519,,,,
11:19:22,361,519,,,,
11:19:23,361,471,,,,
11:19:24,471,491,,,,
11:19:25,471,491,,,,
11:19:26,471,495,,,,
11:19:27,471,495,,,,
11:19:28,471,481,,,,
11:19:29,485,463,,,,
11:19:30,485,489,,,,
11:19:31,485,459,,,,
11:19:32,485,459,,,,
11:19:33,485,477,,,,
11:19:34,485,459,,,,
11:19:35,485,481,,,,
11:19:36,485,477,,,,
11:19:37,457,467,,,,
11:19:38,457,451,,,,
11:19:39,457,451,,,,
11:19:40,457,451,,,,
11:19:41,459,449,,,,
11:19:42,459,445,,,,
11:19:43,451,483,,,,
11:19:44,481,471,,,,
11:19:45,481,471,,,,
11:19:46,481,471,,,,
11:19:47,481,481,,,,
11:19:48,481,481,,,,
11:19:49,459,481,,,,
11:19:50,459,449,,,,
11:19:51,459,461,,,,
11:19:52,491,491,,,,
11:19:53,461,461,,,,
11:19:54,461,461,,,,
11:19:55,461,463,,,,
11:19:56,461,479,,,,
11:19:57,461,497,,,,
11:19:58,467,469,,,,
11:19:59,497,509,,,,
11:20:00,587,509,,,,
11:20:01,601,669,,,,
11:20:02,191,369,,,,
11:20:03,233,369,,,,
11:20:04,48,72,,600,,200
11:20:05,857,541,800,,,
11:20:06,857,541,,,400,
11:20:07,435,689,,,,
11:20:08,423,653,,,,
11:20:09,443,653,,,,
11:20:10,429,655,,,,
11:20:11,433,655,,,,
11:20:12,433,655,,,,
11:20:13,433,655,,,,
11:20:14,401,683,,,,
11:20:15,429,651,,,,
11:20:16,443,663,,,,
11:20:17,419,663,,,,
11:20:18,435,663,,,,
11:20:19,411,663,,,,
11:20:20,425,663,,,,
11:20:21,429,663,,,,
11:20:22,401,663,,,,
11:20:23,401,647,,,,
11:20:24,401,651,,,,
11:20:25,427,675,,,,
11:20:26,427,651,,,,
11:20:27,419,651,,,,
11:20:28,399,651,,,,
11:20:29,401,673,,,,
11:20:30,395,653,,,,
11:20:31,419,653,,,,
11:20:32,403,653,,,,
11:20:33,403,649,,,,
11:20:34,403,649,,,,
11:20:35,399,649,,,,
11:20:36,405,675,,,,
11:20:37,405,657,,,,
11:20:38,395,661,,,,
11:20:39,417,661,,,,
11:20:40,399,677,,,,
11:20:41,389,659,,,,
11:20:42,389,659,,,,
11:20:43,389,649,,,,
11:20:44,411,649,,,,
11:20:45,407,675,,,,
11:20:46,401,673,,,,
11:20:47,399,673,,,,
11:20:48,365,673,,,,
11:20:49,987,761,,,,
11:20:50,929,547,,,,
11:20:51,263,115,,600,,
11:20:52,34,32,,,,200
11:20:53,34,32,,,,
11:20:54,34,32,,,,
11:20:55,34,32,,,,
11:20:56,34,32,,,,
11:20:57,34,32,,,,
11:20:58,34,32,,,,
11:20:59,34,32,,,,
11:21:00,34,32,,,,
11:21:01,34,32,,,,
11:21:02,10,32,,,,
11:21:03,10,32,,,,
11:21:04,10,32,,,,
11:21:05,10,32,,,,
11:21:06,10,32,,,,
11:21:07,10,32,,,,
11:21:08,10,32,,,,
11:21:09,10,32,,,,
11:21:10,10,32,,,,
11:21:11,10,32,,,,
11:21:12,10,32,,,,
11:21:13,10,6,,,,
11:21:14,10,6,,,,
11:21:15,10,6,,,,
11:21:16,10,6,,,,
11:21:17,10,6,,,,
11:21:18,10,6,,,,
11:21:19,10,6,,,,
11:21:20,10,6,,,,
11:21:21,10,6,,,,
11:21:22,10,6,,,,
11:21:23,10,6,,,,
11:21:24,10,6,,,,
11:21:25,10,6,,,,
11:21:26,10,6,,,,
11:21:27,10,6,,,,
11:21:28,10,6,,,,
11:21:29,10,6,,,,
11:21:30,10,88,,,,
11:21:31,247,201,800,,,
11:21:32,117,307,,,400,
11:21:33,295,307,,,,
11:21:34,439,495,,,,
11:21:35,439,495,,,,
11:21:36,439,495,,,,
11:21:37,439,495,,,,
11:21:38,391,495,,,,
11:21:39,391,495,,,,
11:21:40,391,495,,,,
11:21:41,413,495,,,,
11:21:42,413,495,,,,
11:21:43,385,495,,,,
11:21:44,385,495,,,,
11:21:45,385,495,,,,
11:21:46,415,495,,,,
11:21:47,415,495,,,,
11:21:48,415,495,,,,
11:21:49,415,495,,,,
11:21:50,387,495,,,,
11:21:51,387,495,,,,
11:21:52,387,495,,,,
11:21:53,387,495,,,,
11:21:54,387,495,,,,
11:21:55,387,481,,,,
11:21:56,561,527,,,,
11:21:57,561,589,,,,
11:21:58,355,471,,,,
11:21:59,381,463,,,,
11:22:00,457,319,,,,
11:22:01,469,533,,,,
11:22:02,305,221,,,,200
11:22:03,177,86,,600,,
11:22:04,66,50,,,,
11:22:05,66,50,,,,
11:22:06,66,50,,,,
11:22:07,66,50,,,,
11:22:08,66,50,,,,
11:22:09,66,50,,,,
11:22:10,66,8,,,,
11:22:11,66,8,,,,
11:22:12,66,8,,,,
11:22:13,66,8,,,,
11:22:14,66,8,,,,
11:22:15,66,8,,,,
11:22:16,66,8,,,,
11:22:17,66,8,,,,
11:22:18,66,8,,,,
11:22:19,66,8,,,,
11:22:20,66,8,,,,
11:22:21,66,8,,,,
11:22:22,66,8,,,,
11:22:23,66,8,,,,
11:22:24,66,8,,,,
11:22:25,66,8,,,,
11:22:26,66,8,,,,
11:22:27,66,8,,,,
11:22:28,66,8,,,,
11:22:29,66,8,,,,
11:22:30,66,8,,,,
11:22:31,66,8,,,,
11:22:32,66,8,,,,
11:22:33,66,8,,,,
11:22:34,66,8,,,,
11:22:35,66,8,,,,
11:22:36,66,8,,,,
11:22:37,66,8,,,,
11:22:38,66,8,,,,
11:22:39,66,8,,,,
11:22:40,66,8,,,,
11:22:41,66,8,,,,
11:22:42,66,8,,,,
11:22:43,66,8,,,,
11:22:44,66,8,,,,
11:22:45,66,8,,,,
11:22:46,66,8,,,,
11:22:47,66,8,,,,
11:22:48,66,8,,,,
11:22:49,66,8,,,,
11:22:50,66,8,,,,
11:22:51,66,8,,,,
11:22:52,66,8,,,,
11:22:53,66,8,,,,
11:22:54,66,8,,,,
11:22:55,66,8,,,,
11:22:56,66,8,,,,
11:22:57,66,8,,,,
11:22:58,0,8,,,,
11:22:59,0,8,,,,
11:23:00,0,8,,,,
11:23:01,0,8,,,,
11:23:02,0,8,,,,
11:23:03,0,8,,,,
11:23:04,0,8,,,,
11:23:05,0,8,,,,
11:23:06,0,8,,,,
11:23:07,0,8,,,,
11:23:08,0,8,,,,
11:23:09,0,8,,,,
11:23:10,0,8,,,,
11:23:11,0,8,,,,
11:23:12,0,8,,,,
11:23:13,0,8,,,,
11:23:14,0,8,,,,
11:23:15,0,8,,,,
11:23:16,0,8,,,,
11:23:17,0,8,,,,
11:23:18,0,8,,,,
11:23:19,0,8,,,,
11:23:20,0,8,,,,
11:23:21,0,8,,,,
11:23:22,0,8,,,,
11:23:23,0,8,,,,
11:23:24,0,8,,,,
11:23:25,0,8,,,,
11:23:26,0,8,,,,
11:23:27,0,8,,,,
11:23:28,0,8,,,,
11:23:29,0,8,,,,
11:23:30,0,8,,,,
11:23:31,0,8,,,,
11:23:32,0,8,,,,
11:23:33,0,8,,,,
11:23:34,0,8,,,,
11:23:35,0,8,,,,
11:23:36,0,8,,,,
11:23:37,0,8,,,,
11:23:38,0,8,,,,
11:23:39,0,8,,,,
11:23:40,0,8,,,,
11:23:41,0,8,,,,
11:23:42,0,8,,,,
11:23:43,0,8,,,,
11:23:44,0,8,,,,
11:23:45,0,8,,,,
11:23:46,0,8,,,,
11:23:47,0,8,,,,
11:23:48,0,8,,,,
11:23:49,0,8,,,,
11:23:50,0,8,,,,
11:23:51,0,8,,,,
11:23:52,0,8,,,,
11:23:53,0,8,,,,
11:23:54,0,8,,,,
11:23:55,0,8,,,,
11:23:56,4,8,,,,
11:23:57,4,8,,,,
11:23:58,4,8,,,,
11:23:59,4,8,,,,
11:24:00,4,8,,,,
11:24:01,4,8,,,,
11:24:02,4,8,,,,
11:24:03,4,8,,,,
11:24:04,4,8,,,,
11:24:05,4,8,,,,
11:24:06,4,8,,,,
11:24:07,4,12,,,,
11:24:08,4,12,,,,
11:24:09,4,12,,,,
11:24:10,4,12,,,,
11:24:11,4,12,,,,
11:24:12,4,12,,,,
11:24:13,4,12,,,,
11:24:14,4,66,,,,
11:24:15,145,239,,,,
11:24:16,445,325,800,,400,
11:24:17,627,295,,,,
11:24:18,627,295,,,,
11:24:19,1069,447,,,,
11:24:20,1069,447,,,,
11:24:21,1069,447,,,,
11:24:22,1069,447,,,,
11:24:23,1045,447,,,,
11:24:24,1045,447,,,,
11:24:25,1045,447,,,,
11:24:26,1045,447,,,,
11:24:27,1063,447,,,,
11:24:28,1055,447,,,,
11:24:29,1055,455,,,,
11:24:30,1059,455,,,,
11:24:31,1059,455,,,,
11:24:32,1059,447,,,,
11:24:33,1039,447,,,,
11:24:34,1039,447,,,,
11:24:35,1055,447,,,,
11:24:36,1055,447,,,,
11:24:37,1055,447,,,,
11:24:38,1051,447,,,,
11:24:39,1051,433,,,,
11:24:40,1051,441,,,,
11:24:41,1043,441,,,,
11:24:42,1071,443,,,,
11:24:43,1053,443,,,,
11:24:44,1043,443,,,,
11:24:45,1043,443,,,,
11:24:46,1085,431,,,,
11:24:47,1133,729,,,,
11:24:48,973,385,,,,
11:24:49,475,643,,,,
11:24:50,58,36,,600,,200
11:24:51,58,36,,,,
11:24:52,12,36,,,,
11:24:53,749,495,800,,,
11:24:54,829,495,,,,
11:24:55,951,643,,,400,
11:24:56,927,1015,,,,
11:24:57,927,1015,,,,
11:24:58,927,1021,,,,
11:24:59,927,983,,,,
11:25:00,927,1003,,,,
11:25:01,927,1011,,,,
11:25:02,901,1011,,,,
11:25:03,901,985,,,,
11:25:04,901,1023,,,,
11:25:05,901,1009,,,,
11:25:06,901,1001,,,,
11:25:07,901,1001,,,,
11:25:08,901,1007,,,,
11:25:09,903,983,,,,
11:25:10,887,987,,,,
11:25:11,887,987,,,,
11:25:12,887,981,,,,
11:25:13,887,1011,,,,
11:25:14,887,1011,,,,
11:25:15,887,981,,,,
11:25:16,887,981,,,,
11:25:17,887,981,,,,
11:25:18,887,977,,,,
11:25:19,753,1189,,,,
11:25:20,641,1307,,,,
11:25:21,641,1269,,,,
11:25:22,809,1327,,,,
11:25:23,403,633,,,,
11:25:24,54,48,,600,,200
11:25:25,54,48,,,,
11:25:26,54,48,,,,
11:25:27,22,48,,,,
11:25:28,22,48,,,,
11:25:29,22,48,,,,
11:25:30,22,48,,,,
11:25:31,22,48,,,,
11:25:32,22,48,,,,
11:25:33,22,48,,,,
11:25:34,22,48,,,,
11:25:35,22,48,,,,
11:25:36,22,48,,,,
11:25:37,22,48,,,,
11:25:38,22,48,,,,
11:25:39,22,48,,,,
11:25:40,22,48,,,,
11:25:41,22,48,,,,
11:25:42,22,48,,,,
11:25:43,22,48,,,,
11:25:44,22,48,,,,
11:25:45,22,48,,,,
11:25:46,22,48,,,,
11:25:47,22,48,,,,
11:25:48,6,48,,,,
11:25:49,6,48,,,,
11:25:50,6,48,,,,
11:25:51,6,48,,,,
11:25:52,6,48,,,,
11:25:53,6,48,,,,
11:25:54,6,48,,,,
11:25:55,6,48,,,,
11:25:56,6,48,,,,
11:25:57,6,48,,,,
11:25:58,6,48,,,,
11:25:59,6,48,,,,
11:26:00,6,8,,,,
11:26:01,6,8,,,,
11:26:02,6,8,,,,
11:26:03,6,8,,,,
11:26:04,6,8,,,,
11:26:05,6,8,,,,
11:26:06,6,8,,,,
11:26:07,6,8,,,,
11:26:08,6,8,,,,
11:26:09,6,8,,,,
11:26:10,6,8,,,,
11:26:11,6,8,,,,
11:26:12,6,8,,,,
11:26:13,147,311,,,,
11:26:14,649,639,800,,400,
11:26:15,1217,779,,,,
11:26:16,861,825,,,,
11:26:17,861,825,,,,
11:26:18,861,825,,,,
11:26:19,847,789,,,,
11:26:20,847,789,,,,
11:26:21,847,789,,,,
11:26:22,847,789,,,,
11:26:23,863,789,,,,
11:26:24,839,789,,,,
11:26:25,839,789,,,,
11:26:26,849,799,,,,
11:26:27,849,799,,,,
11:26:28,849,799,,,,
11:26:29,849,799,,,,
11:26:30,849,799,,,,
11:26:31,849,775,,,,
11:26:32,849,775,,,,
11:26:33,849,775,,,,
11:26:34,849,775,,,,
11:26:35,849,775,,,,
11:26:36,849,775,,,,
11:26:37,849,775,,,,
11:26:38,855,775,,,,
11:26:39,849,775,,,,
11:26:40,849,775,,,,
11:26:41,849,775,,,,
11:26:42,849,775,,,,
11:26:43,849,775,,,,
11:26:44,849,775,,,,
11:26:45,849,775,,,,
11:26:46,861,775,,,,
11:26:47,861,775,,,,
11:26:48,861,777,,,,
11:26:49,741,855,,,,
11:26:50,593,925,,,,
11:26:51,743,391,,,,
11:26:52,1233,391,,,,
11:26:53,44,54,,,,200
11:26:54,44,38,,600,,
11:26:55,44,38,,,,
11:26:56,44,38,,,,
11:26:57,44,20,,,,
11:26:58,44,20,,,,
11:26:59,44,20,,,,
11:27:00,44,20,,,,
11:27:01,44,20,,,,
11:27:02,44,4,,,,
11:27:03,44,4,,,,
11:27:04,44,4,,,,
11:27:05,44,4,,,,
11:27:06,44,4,,,,
11:27:07,44,4,,,,
11:27:08,44,4,,,,
11:27:09,44,4,,,,
11:27:10,44,4,,,,
11:27:11,44,4,,,,
11:27:12,44,4,,,,
11:27:13,44,4,,,,
11:27:14,44,4,,,,
11:27:15,44,4,,,,
11:27:16,44,4,,,,
11:27:17,44,4,,,,
11:27:18,44,4,,,,
11:27:19,44,4,,,,
11:27:20,44,4,,,,
11:27:21,44,4,,,,
11:27:22,44,4,,,,
11:27:23,44,4,,,,
11:27:24,44,4,,,,
11:27:25,44,4,,,,
11:27:26,44,4,,,,
11:27:27,44,4,,,,
11:27:28,44,4,,,,
11:27:29,44,4,,,,
11:27:30,44,4,,,,
11:27:31,44,4,,,,
11:27:32,44,4,,,,
11:27:33,44,4,,,,
11:27:34,44,4,,,,
11:27:35,44,4,,,,
11:27:36,44,62,,,,
11:27:37,62,355,800,,,
11:27:38,425,469,,,400,
11:27:39,425,469,,,,
11:27:40,325,155,,,,
11:27:41,325,117,,,,
11:27:42,325,161,,,,
11:27:43,317,157,,,,
11:27:44,317,127,,,,
11:27:45,275,153,,,,
11:27:46,235,137,,,,
11:27:47,239,137,,,,
11:27:48,265,133,,,,
11:27:49,239,117,,,,
11:27:50,243,131,,,,
11:27:51,265,131,,,,
11:27:52,265,131,,,,
11:27:53,299,131,,,,
11:27:54,299,153,,,,
11:27:55,321,203,,,,
11:27:56,385,405,,,,
11:27:57,687,405,,,,
11:27:58,665,111,,,,
11:27:59,12,40,,600,,200
11:28:00,12,40,,,,
11:28:01,12,40,,,,
11:28:02,12,40,,,,
11:28:03,12,40,,,,
11:28:04,12,40,,,,
11:28:05,12,40,,,,
11:28:06,12,40,,,,
11:28:07,12,40,,,,
11:28:08,12,40,,,,
11:28:09,12,40,,,,
11:28:10,12,40,,,,
11:28:11,12,40,,,,
11:28:12,12,40,,,,
11:28:13,12,40,,,,
11:28:14,12,40,,,,
11:28:15,12,40,,,,
11:28:16,12,40,,,,
11:28:17,12,40,,,,
11:28:18,12,40,,,,
11:28:19,12,40,,,,
11:28:20,12,40,,,,
11:28:21,12,40,,,,
11:28:22,12,40,,,,
11:28:23,12,40,,,,
11:28:24,12,40,,,,
11:28:25,12,40,,,,
11:28:26,12,40,,,,
11:28:27,12,40,,,,
11:28:28,12,40,,,,
11:28:29,12,40,,,,
11:28:30,12,40,,,,
11:28:31,12,40,,,,
11:28:32,489,451,800,,,
11:28:33,489,451,,,400,
11:28:34,681,793,,,,
11:28:35,671,755,,,,
11:28:36,671,785,,,,
11:28:37,657,767,,,,
11:28:38,657,767,,,,
11:28:39,657,767,,,,
11:28:40,659,777,,,,
11:28:41,659,775,,,,
11:28:42,659,775,,,,
11:28:43,659,775,,,,
11:28:44,659,775,,,,
11:28:45,659,775,,,,
11:28:46,655,753,,,,
11:28:47,655,781,,,,
11:28:48,679,781,,,,
11:28:49,679,781,,,,
11:28:50,657,763,,,,
11:28:51,683,763,,,,
11:28:52,683,763,,,,
11:28:53,661,767,,,,
11:28:54,661,767,,,,
11:28:55,683,767,,,,
11:28:56,683,779,,,,
11:28:57,683,779,,,,
11:28:58,683,747,,,,
11:28:59,683,779,,,,
11:29:00,683,779,,,,
11:29:01,673,779,,,,
11:29:02,673,779,,,,
11:29:03,653,759,,,,
11:29:04,653,759,,,,
11:29:05,653,759,,,,
11:29:06,695,817,,,,
11:29:07,817,817,,,,
11:29:08,1467,817,,,,
11:29:09,383,817,,,,
11:29:10,60,44,,600,,200
11:29:11,60,44,,,,
11:29:12,60,44,,,,
11:29:13,60,44,,,,
11:29:14,60,44,,,,
11:29:15,60,44,,,,
11:29:16,60,44,,,,
11:29:17,60,44,,,,
11:29:18,60,44,,,,
11:29:19,60,44,,,,
11:29:20,60,44,,,,
11:29:21,60,44,,,,
11:29:22,60,44,,,,
11:29:23,60,44,,,,
11:29:24,60,44,,,,
11:29:25,60,44,,,,
11:29:26,60,44,,,,
11:29:27,60,44,,,,
11:29:28,60,44,,,,
11:29:29,60,44,,,,
11:29:30,60,44,,,,
11:29:31,2,44,,,,
11:29:32,2,44,,,,
11:29:33,2,44,,,,
11:29:34,2,44,,,,
11:29:35,2,44,,,,
11:29:36,2,44,,,,
11:29:37,8,44,,,,
11:29:38,8,44,,,,
11:29:39,8,44,,,,
11:29:40,8,44,,,,
11:29:41,8,44,,,,
11:29:42,8,44,,,,
11:29:43,189,195,800,,,
11:29:44,881,433,,,,
11:29:45,965,433,,,400,
11:29:46,743,925,,,,
11:29:47,689,867,,,,
11:29:48,689,867,,,,
11:29:49,689,867,,,,
11:29:50,689,817,,,,
11:29:51,679,817,,,,
11:29:52,679,817,,,,
11:29:53,679,817,,,,
11:29:54,679,817,,,,
11:29:55,679,817,,,,
11:29:56,679,817,,,,
11:29:57,675,817,,,,
11:29:58,663,817,,,,
11:29:59,663,817,,,,
11:30:00,661,817,,,,
11:30:01,661,807,,,,
11:30:02,661,815,,,,
11:30:03,661,815,,,,
11:30:04,547,671,,,,
11:30:05,971,947,,,,
11:30:06,971,947,,,,
11:30:07,845,885,,,,
11:30:08,365,1123,,,,
11:30:09,365,629,,,,200
11:30:10,60,38,,600,,
11:30:11,60,38,,,,
11:30:12,60,38,,,,
11:30:13,60,36,,,,
11:30:14,611,118,,,,
11:30:15,389,901,800,,400,
11:30:16,557,771,,,,
11:30:17,629,713,,,,
11:30:18,747,513,,,,
11:30:19,993,461,,,,
11:30:20,993,461,,,,
11:30:21,993,461,,,,
11:30:22,993,463,,,,
11:30:23,1005,463,,,,
11:30:24,1005,463,,,,
11:30:25,1005,463,,,,
11:30:26,1005,463,,,,
11:30:27,1005,463,,,,
11:30:28,1005,463,,,,
11:30:29,1005,463,,,,
11:30:30,1005,463,,,,
11:30:31,1007,463,,,,
11:30:32,1141,549,,,,
11:30:33,1281,613,,,,
11:30:34,1281,613,,,,
11:30:35,1281,613,,,,
11:30:36,1329,613,,,,
11:30:37,1487,815,,,,
11:30:38,295,239,,,,
11:30:39,52,239,,,,200
11:30:40,52,38,,600,,
11:30:41,52,38,,,,
11:30:42,52,38,,,,
11:30:43,52,38,,,,
11:30:44,52,38,,,,
11:30:45,52,38,,,,
11:30:46,52,38,,,,
11:30:47,52,16,,,,
11:30:48,52,16,,,,
11:30:49,52,16,,,,
11:30:50,52,16,,,,
11:30:51,52,16,,,,
11:30:52,52,16,,,,
11:30:53,52,16,,,,
11:30:54,52,16,,,,
11:30:55,52,16,,,,
11:30:56,52,16,,,,
11:30:57,52,16,,,,
11:30:58,52,16,,,,
11:30:59,52,16,,,,
11:31:00,52,16,,,,
11:31:01,52,16,,,,
11:31:02,52,16,,,,
11:31:03,52,16,,,,
11:31:04,52,16,,,,
11:31:05,52,16,,,,
11:31:06,52,16,,,,
11:31:07,52,16,,,,
11:31:08,52,16,,,,
11:31:09,52,16,,,,
11:31:10,52,16,,,,
11:31:11,52,16,,,,
11:31:12,52,16,,,,
11:31:13,52,16,,,,
11:31:14,52,48,,,,
11:31:15,52,48,,,,
11:31:16,52,48,,,,
11:31:17,52,48,,,,
11:31:18,52,48,,,,
11:31:19,52,48,,,,
11:31:20,52,48,,,,
11:31:21,52,40,,,,
11:31:22,52,40,,,,
11:31:23,52,40,,,,
11:31:24,52,40,,,,
11:31:25,52,40,,,,
11:31:26,52,40,,,,
11:31:27,52,40,,,,
11:31:28,52,40,,,,
11:31:29,52,40,,,,
11:31:30,52,40,,,,
11:31:31,52,40,,,,
11:31:32,70,40,,,,
11:31:33,70,40,,,,
11:31:34,70,40,,,,
11:31:35,78,40,,,,
11:31:36,78,40,,,,
11:31:37,78,40,,,,
11:31:38,14,40,,,,
11:31:39,14,40,,,,
11:31:40,14,40,,,,
11:31:41,14,40,,,,
11:31:42,14,40,,,,
11:31:43,14,40,,,,
11:31:44,14,40,,,,
11:31:45,14,6,,,,
11:31:46,14,6,,,,
11:31:47,14,6,,,,
11:31:48,14,6,,,,
11:31:49,14,6,,,,
11:31:50,14,6,,,,
11:31:51,14,6,,,,
11:31:52,14,6,,,,
11:31:53,14,6,,,,
11:31:54,14,6,,,,
11:31:55,14,6,,,,
11:31:56,14,6,,,,
11:31:57,14,6,,,,
11:31:58,14,6,,,,
11:31:59,14,6,,,,
11:32:00,14,6,,,,
11:32:01,14,6,,,,
11:32:02,14,6,,,,
11:32:03,14,6,,,,
11:32:04,14,6,,,,
11:32:05,14,6,,,,
11:32:06,14,6,,,,
11:32:07,14,6,,,,
11:32:08,14,6,,,,
11:32:09,14,6,,,,
11:32:10,14,6,,,,
11:32:11,14,6,,,,
11:32:12,14,6,,,,
11:32:13,14,6,,,,
11:32:14,14,6,,,,
11:32:15,14,6,,,,
11:32:16,14,6,,,,
11:32:17,14,6,,,,
11:32:18,14,6,,,,
11:32:19,14,44,,,,
11:32:20,389,521,800,,,
11:32:21,513,319,,,400,
11:32:22,513,289,,,,
11:32:23,513,289,,,,
11:32:24,581,321,,,,
11:32:25,581,321,,,,
11:32:26,581,321,,,,
11:32:27,581,321,,,,
11:32:28,581,321,,,,
11:32:29,581,321,,,,
11:32:30,581,321,,,,
11:32:31,597,321,,,,
11:32:32,597,321,,,,
11:32:33,597,321,,,,
11:32:34,597,321,,,,
11:32:35,601,321,,,,
11:32:36,601,323,,,,
11:32:37,595,323,,,,
11:32:38,595,323,,,,
11:32:39,595,323,,,,
11:32:40,593,323,,,,
11:32:41,593,323,,,,
11:32:42,565,349,,,,
11:32:43,595,405,,,,
11:32:44,1875,1259,,,,
11:32:45,485,643,,,,
11:32:46,46,643,,,,200
11:32:47,22,14,,600,,
11:32:48,22,14,,,,
11:32:49,22,14,,,,
11:32:50,70,14,,,,
11:32:51,70,14,,,,
11:32:52,751,939,800,,400,
11:32:53,833,713,,,,
11:32:54,833,713,,,,
11:32:55,759,645,,,,
11:32:56,759,635,,,,
11:32:57,759,635,,,,
11:32:58,759,635,,,,
11:32:59,759,635,,,,
11:33:00,759,635,,,,
11:33:01,759,635,,,,
11:33:02,691,635,,,,
11:33:03,529,635,,,,
11:33:04,393,529,,,,
11:33:05,641,781,,,,
11:33:06,365,781,,,,
11:33:07,84,48,,600,,200
11:33:08,84,48,,,,
11:33:09,84,48,,,,
11:33:10,239,321,,,,
11:33:11,357,305,800,,400,
11:33:12,289,345,,,,
11:33:13,289,345,,,,
11:33:14,297,331,,,,
11:33:15,297,331,,,,
11:33:16,295,331,,,,
11:33:17,265,331,,,,
11:33:18,295,331,,,,
11:33:19,295,331,,,,
11:33:20,295,335,,,,
11:33:21,295,357,,,,
11:33:22,295,357,,,,
11:33:23,293,357,,,,
11:33:24,293,357,,,,
11:33:25,289,325,,,,
11:33:26,269,325,,,,
11:33:27,269,325,,,,
11:33:28,273,331,,,,
11:33:29,273,331,,,,
11:33:30,261,331,,,,
11:33:31,261,331,,,,
11:33:32,261,331,,,,
11:33:33,261,331,,,,
11:33:34,261,331,,,,
11:33:35,261,331,,,,
11:33:36,279,321,,,,
11:33:37,261,321,,,,
11:33:38,261,321,,,,
11:33:39,261,321,,,,
11:33:40,261,337,,,,
11:33:41,261,353,,,,
11:33:42,259,353,,,,
11:33:43,259,353,,,,
11:33:44,267,353,,,,
11:33:45,267,353,,,,
11:33:46,291,353,,,,
11:33:47,171,353,,,,
11:33:48,74,353,,,,
11:33:49,74,353,,,,
11:33:50,74,353,,,,
11:33:51,74,353,,,,
11:33:52,74,353,,,,
11:33:53,74,341,,,,
11:33:54,74,321,,,,
11:33:55,74,321,,,,
11:33:56,74,321,,,,
11:33:57,74,321,,,,
11:33:58,104,321,,,,
11:33:59,78,321,,,,
11:34:00,94,321,,,,
11:34:01,94,321,,,,
11:34:02,80,321,,,,
11:34:03,80,321,,,,
11:34:04,80,321,,,,
11:34:05,80,321,,,,
11:34:06,80,321,,,,
11:34:07,80,321,,,,
11:34:08,80,321,,,,
11:34:09,80,321,,,,
11:34:10,80,321,,,,
11:34:11,74,321,,,,
11:34:12,163,321,,,,
11:34:13,315,195,,,,
11:34:14,271,171,,,,
11:34:15,235,247,,,,
11:34:16,40,46,,600,,200
11:34:17,507,397,,,,
11:34:18,507,397,800,,400,
11:34:19,375,463,,,,
11:34:20,363,467,,,,
11:34:21,363,489,,,,
11:34:22,369,449,,,,
11:34:23,369,467,,,,
11:34:24,371,455,,,,
11:34:25,381,447,,,,
11:34:26,365,491,,,,
11:34:27,369,489,,,,
11:34:28,387,489,,,,
11:34:29,385,483,,,,
11:34:30,385,489,,,,
11:34:31,389,455,,,,
11:34:32,415,387,,,,
11:34:33,531,705,,,,
11:34:34,84,82,,600,,
11:34:35,58,72,,,,200
11:34:36,58,72,,,,
11:34:37,58,20,,,,
11:34:38,114,106,,,,
11:34:39,114,106,,,,
11:34:40,227,367,800,,400,
11:34:41,595,807,,,,
11:34:42,587,815,,,,
11:34:43,587,789,,,,
11:34:44,601,779,,,,
11:34:45,597,773,,,,
11:34:46,599,785,,,,
11:34:47,599,805,,,,
11:34:48,599,781,,,,
11:34:49,599,777,,,,
11:34:50,595,791,,,,
11:34:51,595,791,,,,
11:34:52,605,791,,,,
11:34:53,605,779,,,,
11:34:54,605,779,,,,
11:34:55,605,791,,,,
11:34:56,605,801,,,,
11:34:57,605,801,,,,
11:34:58,571,797,,,,
11:34:59,571,797,,,,
11:35:00,571,793,,,,
11:35:01,571,811,,,,
11:35:02,589,769,,,,
11:35:03,589,807,,,,
11:35:04,591,755,,,,
11:35:05,591,795,,,,
11:35:06,557,795,,,,
11:35:07,589,399,,,,
11:35:08,601,469,,,,
11:35:09,439,717,,,,
11:35:10,139,287,,,,200
11:35:11,119,88,,600,,
11:35:12,119,88,,,,
11:35:13,119,88,,,,
11:35:14,141,161,800,,,
11:35:15,141,161,,,,
11:35:16,141,161,,,,
11:35:17,141,161,,,,
11:35:18,141,161,,,,
11:35:19,163,183,,,,
11:35:20,317,183,,,,
11:35:21,453,183,,,400,
11:35:22,453,183,,,,
11:35:23,455,183,,,,
11:35:24,351,147,,,,
11:35:25,407,113,,,,
11:35:26,403,145,,,,
11:35:27,421,139,,,,
11:35:28,435,139,,,,
11:35:29,431,145,,,,
11:35:30,431,145,,,,
11:35:31,423,151,,,,
11:35:32,431,135,,,,
11:35:33,431,135,,,,
11:35:34,437,125,,,,
11:35:35,413,125,,,,
11:35:36,413,125,,,,
11:35:37,435,127,,,,
11:35:38,413,161,,,,
11:35:39,413,161,,,,
11:35:40,439,131,,,,
11:35:41,527,313,,,,
11:35:42,863,475,,,,
11:35:43,899,555,,,,
11:35:44,875,583,,,,
11:35:45,875,575,,,,
11:35:46,889,575,,,,
11:35:47,879,589,,,,
11:35:48,883,589,,,,
11:35:49,863,561,,,,
11:35:50,865,561,,,,
11:35:51,865,561,,,,
11:35:52,865,587,,,,
11:35:53,859,587,,,,
11:35:54,859,587,,,,
11:35:55,863,587,,,,
11:35:56,863,585,,,,
11:35:57,863,585,,,,
11:35:58,865,585,,,,
11:35:59,879,559,,,,
11:36:00,857,575,,,,
11:36:01,857,575,,,,
11:36:02,881,575,,,,
11:36:03,881,575,,,,
11:36:04,881,791,,,,
11:36:05,747,909,,,,
11:36:06,797,947,,,,
11:36:07,757,535,,,,
11:36:08,559,535,,,,
11:36:09,559,535,,,,
11:36:10,495,533,,,,
11:36:11,941,407,,,,
11:36:12,941,351,,,,
11:36:13,1153,577,,,,
11:36:14,1371,729,,,,
11:36:15,1411,729,,,,
11:36:16,1411,729,,,,
11:36:17,1411,729,,,,
11:36:18,1411,729,,,,
11:36:19,1411,729,,,,
11:36:20,1411,729,,,,
11:36:21,1411,729,,,,
11:36:22,1411,729,,,,
11:36:23,1411,729,,,,
11:36:24,1411,729,,,,
11:36:25,1411,729,,,,
11:36:26,1411,729,,,,
11:36:27,1411,729,,,,
11:36:28,1411,729,,,,
11:36:29,1417,727,,,,
11:36:30,1417,727,,,,
11:36:31,1417,727,,,,
11:36:32,1417,727,,,,
11:36:33,1521,727,,,,
11:36:34,1085,1063,,,,
11:36:35,1239,1137,,,,200
11:36:36,421,389,,,,
11:36:37,241,153,,600,,
11:36:38,443,227,800,,,
11:36:39,1097,949,,,,
11:36:40,1165,1335,,,400,
11:36:41,661,1133,,,,
11:36:42,661,1133,,,,
11:36:43,657,1133,,,,
11:36:44,681,1105,,,,
11:36:45,681,1105,,,,
11:36:46,663,1127,,,,
11:36:47,697,1095,,,,
11:36:48,697,1095,,,,
11:36:49,731,1085,,,,
11:36:50,771,1035,,,,
11:36:51,755,993,,,,
11:36:52,525,447,,,,
11:36:53,483,329,,,,
11:36:54,427,165,,,,
11:36:55,517,185,,,,
11:36:56,511,88,,,,
11:36:57,465,417,,,,
11:36:58,385,301,,,,
11:36:59,275,235,,,,200
11:37:00,275,235,,,,
11:37:01,275,235,,,,
11:37:02,275,235,,,,
11:37:03,275,235,,,,
11:37:04,275,235,,,,
11:37:05,275,235,,,,
11:37:06,275,235,,,,
11:37:07,251,235,,,,
11:37:08,251,235,,,,
11:37:09,251,235,,,,
11:37:10,261,235,,,,
11:37:11,261,235,,,,
11:37:12,261,235,,,,
11:37:13,261,235,,,,
11:37:14,261,223,,,,
11:37:15,261,223,,,,
11:37:16,261,223,,,,
11:37:17,261,223,,,,
11:37:18,261,223,,,,
11:37:19,261,101,,600,,
11:37:20,127,197,800,,,
11:37:21,127,197,,,,
11:37:22,24,88,,600,,
11:37:23,24,118,,,,
11:37:24,24,147,800,,400,
11:37:25,24,135,,,,
11:37:26,24,135,,,,
11:37:27,24,135,,,,
11:37:28,131,135,,,,
11:37:29,131,135,,,,
11:37:30,131,135,,,,
11:37:31,229,135,,,,
11:37:32,229,211,,,,
11:37:33,229,211,,,,
11:37:34,99,211,,600,,
11:37:35,319,759,800,,,
11:37:36,319,821,,,,
11:37:37,319,853,,,,
11:37:38,331,853,,,,
11:37:39,331,853,,,,
11:37:40,331,853,,,,
11:37:41,331,853,,,,
11:37:42,331,853,,,,
11:37:43,345,853,,,,
11:37:44,345,853,,,,
11:37:45,345,853,,,,
11:37:46,345,853,,,,
11:37:47,323,853,,,,
11:37:48,323,853,,,,
11:37:49,351,807,,,,
11:37:50,351,851,,,,
11:37:51,351,851,,,,
11:37:52,351,851,,,,
11:37:53,351,851,,,,
11:37:54,351,851,,,,
11:37:55,351,851,,,,
11:37:56,347,851,,,,
11:37:57,347,851,,,,
11:37:58,347,851,,,,
11:37:59,347,851,,,,
11:38:00,347,851,,,,
11:38:01,347,851,,,,
11:38:02,347,839,,,,
11:38:03,347,839,,,,
11:38:04,347,839,,,,
11:38:05,347,839,,,,
11:38:06,347,839,,,,
11:38:07,337,839,,,,
11:38:08,337,839,,,,
11:38:09,337,839,,,,
11:38:10,337,839,,,,
11:38:11,329,839,,,,
11:38:12,329,839,,,,
11:38:13,329,847,,,,
11:38:14,325,847,,,,
11:38:15,351,847,,,,
11:38:16,351,847,,,,
11:38:17,351,825,,,,
11:38:18,351,825,,,,
11:38:19,349,815,,,,
11:38:20,349,815,,,,
11:38:21,349,815,,,,
11:38:22,333,843,,,,
11:38:23,333,823,,,,
11:38:24,351,823,,,,
11:38:25,351,847,,,,
11:38:26,351,823,,,,
11:38:27,351,823,,,,
11:38:28,351,819,,,,
11:38:29,351,819,,,,
11:38:30,351,819,,,,
11:38:31,405,819,,,,
11:38:32,217,561,,,,
11:38:33,217,561,,,,
11:38:34,243,267,,,,
11:38:35,42,201,,600,,200
11:38:36,42,36,800,600,,
11:38:37,42,36,,,,
11:38:38,42,36,,,,
11:38:39,42,36,,,,
11:38:40,42,36,,,,
11:38:41,42,36,,,,
11:38:42,42,36,,,,
11:38:43,42,36,,,,
11:38:44,42,211,,,,
11:38:45,797,657,800,,,
11:38:46,993,1193,,,400,
11:38:47,797,933,,,,
11:38:48,805,959,,,,
11:38:49,805,959,,,,
11:38:50,869,959,,,,
11:38:51,869,959,,,,
11:38:52,897,959,,,,
11:38:53,897,959,,,,
11:38:54,897,1007,,,,
11:38:55,897,1007,,,,
11:38:56,897,1007,,,,
11:38:57,895,1007,,,,
11:38:58,895,1025,,,,
11:38:59,895,1025,,,,
11:39:00,895,1043,,,,
11:39:01,895,1027,,,,
11:39:02,895,1027,,,,
11:39:03,887,1027,,,,
11:39:04,887,1027,,,,
11:39:05,903,1027,,,,
11:39:06,903,1027,,,,
11:39:07,877,1031,,,,
11:39:08,877,1031,,,,
11:39:09,913,1031,,,,
11:39:10,913,1031,,,,
11:39:11,913,1095,,,,
11:39:12,913,1095,,,,
11:39:13,891,1063,,,,
11:39:14,891,1063,,,,
11:39:15,891,1063,,,,
11:39:16,901,1111,,,,
11:39:17,901,1095,,,,
11:39:18,899,1095,,,,
11:39:19,899,1095,,,,
11:39:20,899,1089,,,,
11:39:21,899,1089,,,,
11:39:22,899,1089,,,,
11:39:23,899,1089,,,,
11:39:24,895,1101,,,,
11:39:25,895,1101,,,,
11:39:26,895,1113,,,,
11:39:27,895,1113,,,,
11:39:28,895,1113,,,,
11:39:29,1079,1083,,,,
11:39:30,1079,1131,,,,
11:39:31,639,575,,,,
11:39:32,169,147,,600,,200
11:39:33,44,68,,,,
11:39:34,197,187,,,,
11:39:35,311,483,800,,400,
11:39:36,799,565,,,,
11:39:37,933,443,,,,
11:39:38,951,645,,,,
11:39:39,951,645,,,,
11:39:40,951,645,,,,
11:39:41,951,645,,,,
11:39:42,951,645,,,,
11:39:43,967,645,,,,
11:39:44,947,645,,,,
11:39:45,947,645,,,,
11:39:46,947,645,,,,
11:39:47,947,645,,,,
11:39:48,947,645,,,,
11:39:49,947,645,,,,
11:39:50,855,769,,,,
11:39:51,703,449,,,,
11:39:52,737,493,,,,
11:39:53,385,249,,,,
11:39:54,279,187,,,,200
11:39:55,845,745,,,400,
11:39:56,675,601,,,,
11:39:57,637,601,,,,
11:39:58,649,445,,,,
11:39:59,619,443,,,,
11:40:00,619,443,,,,
11:40:01,611,443,,,,
11:40:02,631,443,,,,
11:40:03,631,443,,,,
11:40:04,613,435,,,,
11:40:05,647,435,,,,
11:40:06,647,435,,,,
11:40:07,577,357,,,,
11:40:08,551,333,,,,
11:40:09,627,797,,,,
11:40:10,759,771,,,,
11:40:11,575,881,,,,
11:40:12,415,881,,,,
11:40:13,607,857,,,,200
11:40:14,607,835,,,,
11:40:15,607,835,,,,
11:40:16,607,807,,,,
11:40:17,607,807,,,,
11:40:18,607,807,,,,
11:40:19,607,807,,,,
11:40:20,607,807,,,,
11:40:21,607,807,,,,
11:40:22,607,807,,,,
11:40:23,607,825,,,,
11:40:24,607,825,,,,
11:40:25,607,825,,,,
11:40:26,607,825,,,,
11:40:27,607,825,,,,
11:40:28,607,761,,,,
11:40:29,607,757,,,,
11:40:30,607,757,,,,
11:40:31,607,683,,,,
11:40:32,529,491,,,,
11:40:33,529,491,,,,
11:40:34,529,491,,,,
11:40:35,529,491,,,,
11:40:36,529,491,,,,
11:40:37,529,491,,,,
11:40:38,445,491,,,,
11:40:39,445,491,,,,
11:40:40,445,491,,,,
11:40:41,445,491,,,,
11:40:42,445,491,,,,
11:40:43,445,491,,,,
11:40:44,445,491,,,,
11:40:45,445,491,,,,
11:40:46,311,243,,,,
11:40:47,257,219,,,,
11:40:48,135,113,,600,,
11:40:49,88,64,,,,
11:40:50,88,68,,,,
11:40:51,221,391,800,,400,
11:40:52,203,1107,,,,
11:40:53,509,781,,,,
11:40:54,515,781,,,,
11:40:55,515,745,,,,
11:40:56,515,757,,,,
11:40:57,515,757,,,,
11:40:58,503,757,,,,
11:40:59,487,757,,,,
11:41:00,487,757,,,,
11:41:01,487,741,,,,
11:41:02,487,773,,,,
11:41:03,487,773,,,,
11:41:04,487,773,,,,
11:41:05,487,773,,,,
11:41:06,487,773,,,,
11:41:07,463,505,,,,
11:41:08,463,213,,,,
11:41:09,463,80,,,,
11:41:10,559,395,,,,
11:41:11,559,413,,,,
11:41:12,551,225,,,,
11:41:13,777,209,,,,
11:41:14,303,187,,,,200
11:41:15,103,109,,,,
11:41:16,88,82,,600,,
11:41:17,88,82,,,,
11:41:18,88,82,,,,
11:41:19,88,82,,,,
11:41:20,88,82,,,,
11:41:21,36,82,,,,
11:41:22,36,82,,,,
11:41:23,36,82,,,,
11:41:24,36,82,,,,
11:41:25,78,251,,,,
11:41:26,363,733,800,,,
11:41:27,455,621,,,400,
11:41:28,455,573,,,,
11:41:29,455,511,,,,
11:41:30,455,511,,,,
11:41:31,455,511,,,,
11:41:32,455,511,,,,
11:41:33,455,511,,,,
11:41:34,455,445,,,,
11:41:35,455,447,,,,
11:41:36,455,447,,,,
11:41:37,455,447,,,,
11:41:38,455,447,,,,
11:41:39,455,447,,,,
11:41:40,455,455,,,,
11:41:41,437,455,,,,
11:41:42,437,455,,,,
11:41:43,437,455,,,,
11:41:44,437,455,,,,
11:41:45,437,455,,,,
11:41:46,437,455,,,,
11:41:47,437,455,,,,
11:41:48,437,455,,,,
11:41:49,437,455,,,,
11:41:50,405,437,,,,
11:41:51,405,437,,,,
11:41:52,407,437,,,,
11:41:53,407,437,,,,
11:41:54,407,437,,,,
11:41:55,423,459,,,,
11:41:56,423,459,,,,
11:41:57,423,459,,,,
11:41:58,423,459,,,,
11:41:59,423,459,,,,
11:42:00,423,459,,,,
11:42:01,423,439,,,,
11:42:02,423,439,,,,
11:42:03,423,453,,,,
11:42:04,423,453,,,,
11:42:05,423,435,,,,
11:42:06,423,333,,,,
11:42:07,515,321,,,,
11:42:08,435,367,,,,
11:42:09,285,425,,,,
11:42:10,169,68,,600,,200
11:42:11,24,54,,,,
11:42:12,139,54,,,,
11:42:13,571,649,800,,400,
11:42:14,707,1053,,,,
11:42:15,707,1123,,,,
11:42:16,707,1279,,,,
11:42:17,707,1279,,,,
11:42:18,669,1289,,,,
11:42:19,669,1283,,,,
11:42:20,669,1283,,,,
11:42:21,697,1315,,,,
11:42:22,697,1315,,,,
11:42:23,697,1315,,,,
11:42:24,697,1315,,,,
11:42:25,697,1331,,,,
11:42:26,697,1305,,,,
11:42:27,697,1305,,,,
11:42:28,697,1305,,,,
11:42:29,697,1305,,,,
11:42:30,697,1305,,,,
11:42:31,665,1279,,,,
11:42:32,665,1279,,,,
11:42:33,665,1279,,,,
11:42:34,691,1319,,,,
11:42:35,691,1319,,,,
11:42:36,691,1319,,,,
11:42:37,691,1319,,,,
11:42:38,691,1319,,,,
11:42:39,691,1319,,,,
11:42:40,911,1487,,,,
11:42:41,289,955,,,,
11:42:42,337,325,,,,
11:42:43,337,68,,,,200
11:42:44,28,22,,600,,
11:42:45,28,22,,,,
11:42:46,98,249,800,,,
11:42:47,765,827,,,400,
11:42:48,765,827,,,,
11:42:49,749,827,,,,
11:42:50,745,827,,,,
11:42:51,745,827,,,,
11:42:52,747,821,,,,
11:42:53,747,813,,,,
11:42:54,787,813,,,,
11:42:55,763,779,,,,
11:42:56,801,789,,,,
11:42:57,757,789,,,,
11:42:58,787,789,,,,
11:42:59,773,781,,,,
11:43:00,757,781,,,,
11:43:01,797,803,,,,
11:43:02,785,803,,,,
11:43:03,763,803,,,,
11:43:04,771,803,,,,
11:43:05,775,789,,,,
11:43:06,765,789,,,,
11:43:07,757,795,,,,
11:43:08,767,795,,,,
11:43:09,767,795,,,,
11:43:10,799,803,,,,
11:43:11,791,803,,,,
11:43:12,779,813,,,,
11:43:13,777,813,,,,
11:43:14,773,795,,,,
11:43:15,815,795,,,,
11:43:16,779,777,,,,
11:43:17,777,769,,,,
11:43:18,767,781,,,,
11:43:19,767,793,,,,
11:43:20,797,793,,,,
11:43:21,797,793,,,,
11:43:22,749,793,,,,
11:43:23,775,767,,,,
11:43:24,775,767,,,,
11:43:25,783,767,,,,
11:43:26,775,767,,,,
11:43:27,775,767,,,,
11:43:28,771,795,,,,
11:43:29,791,795,,,,
11:43:30,745,801,,,,
11:43:31,753,785,,,,
11:43:32,739,805,,,,
11:43:33,763,805,,,,
11:43:34,741,797,,,,
11:43:35,765,813,,,,
11:43:36,759,795,,,,
11:43:37,759,795,,,,
11:43:38,749,775,,,,
11:43:39,717,775,,,,
11:43:40,717,793,,,,
11:43:41,691,785,,,,
11:43:42,807,785,,,,
11:43:43,733,465,,,,
11:43:44,811,389,,,,
11:43:45,811,763,,,,
11:43:46,46,34,,600,,200
11:43:47,46,34,,,,
11:43:48,46,34,,,,
11:43:49,339,519,800,,400,
11:43:50,839,633,,,,
11:43:51,847,633,,,,
11:43:52,847,633,,,,
11:43:53,847,633,,,,
11:43:54,827,633,,,,
11:43:55,827,633,,,,
11:43:56,867,665,,,,
11:43:57,843,665,,,,
11:43:58,837,665,,,,
11:43:59,837,627,,,,
11:44:00,837,627,,,,
11:44:01,837,627,,,,
11:44:02,837,615,,,,
11:44:03,837,615,,,,
11:44:04,823,615,,,,
11:44:05,843,615,,,,
11:44:06,843,637,,,,
11:44:07,843,637,,,,
11:44:08,843,637,,,,
11:44:09,843,637,,,,
11:44:10,845,637,,,,
11:44:11,845,637,,,,
11:44:12,845,637,,,,
11:44:13,845,649,,,,
11:44:14,845,679,,,,
11:44:15,845,661,,,,
11:44:16,845,661,,,,
11:44:17,845,759,,,,
11:44:18,845,759,,,,
11:44:19,897,617,,,,
11:44:20,527,585,,,,
11:44:21,527,469,,,,
11:44:22,397,301,,,,
11:44:23,397,301,,,,
11:44:24,397,301,,,,
11:44:25,257,327,,,,
11:44:26,291,137,,,,
11:44:27,80,84,,600,,200
11:44:28,92,110,,,,
11:44:29,267,305,800,,400,
11:44:30,323,599,,,,
11:44:31,645,897,,,,
11:44:32,621,561,,,,
11:44:33,621,569,,,,
11:44:34,621,521,,,,
11:44:35,621,561,,,,
11:44:36,639,561,,,,
11:44:37,615,561,,,,
11:44:38,617,527,,,,
11:44:39,617,527,,,,
11:44:40,629,527,,,,
11:44:41,629,543,,,,
11:44:42,617,543,,,,
11:44:43,617,537,,,,
11:44:44,617,541,,,,
11:44:45,617,541,,,,
11:44:46,625,541,,,,
11:44:47,625,541,,,,
11:44:48,605,553,,,,
11:44:49,611,553,,,,
11:44:50,597,553,,,,
11:44:51,595,553,,,,
11:44:52,595,553,,,,
11:44:53,595,553,,,,
11:44:54,597,553,,,,
11:44:55,597,533,,,,
11:44:56,597,527,,,,
11:44:57,597,527,,,,
11:44:58,597,545,,,,
11:44:59,587,545,,,,
11:45:00,587,539,,,,
11:45:01,587,551,,,,
11:45:02,587,499,,,,
11:45:03,587,499,,,,
11:45:04,721,503,,,,
11:45:05,891,373,,,,
11:45:06,343,337,,,,
11:45:07,118,323,,,,
11:45:08,221,403,,,,200
11:45:09,129,101,,600,,
11:45:10,90,82,800,600,,
11:45:11,193,62,,,,
11:45:12,205,313,800,,400,
11:45:13,155,365,,,,
11:45:14,177,365,,,,
11:45:15,177,365,,,,
11:45:16,193,365,,,,
11:45:17,167,365,,,,
11:45:18,167,365,,,,
11:45:19,167,385,,,,
11:45:20,167,385,,,,
11:45:21,167,385,,,,
11:45:22,161,359,,,,
11:45:23,161,359,,,,
11:45:24,161,359,,,,
11:45:25,169,359,,,,
11:45:26,169,359,,,,
11:45:27,169,359,,,,
11:45:28,169,359,,,,
11:45:29,169,387,,,,
11:45:30,169,387,,,,
11:45:31,169,387,,,,
11:45:32,203,387,,,,
11:45:33,203,387,,,,
11:45:34,203,407,,,,
11:45:35,203,407,,,,
11:45:36,203,407,,,,
11:45:37,203,407,,,,
11:45:38,229,407,,,,
11:45:39,229,407,,,,
11:45:40,245,407,,,,
11:45:41,245,407,,,,
11:45:42,245,407,,,,
11:45:43,215,407,,,,
11:45:44,237,395,,,,
11:45:45,213,395,,,,
11:45:46,213,395,,,,
11:45:47,213,387,,,,
11:45:48,213,387,,,,
11:45:49,213,421,,,,
11:45:50,239,411,,,,
11:45:51,239,411,,,,
11:45:52,227,423,,,,
11:45:53,231,423,,,,
11:45:54,231,409,,,,
11:45:55,231,409,,,,
11:45:56,231,409,,,,
11:45:57,231,391,,,,
11:45:58,229,391,,,,
11:45:59,229,391,,,,
11:46:00,235,395,,,,
11:46:01,235,395,,,,
11:46:02,235,395,,,,
11:46:03,217,413,,,,
11:46:04,217,421,,,,
11:46:05,217,393,,,,
11:46:06,217,393,,,,
11:46:07,217,393,,,,
11:46:08,211,393,,,,
11:46:09,211,393,,,,
11:46:10,211,393,,,,
11:46:11,211,393,,,,
11:46:12,211,393,,,,
11:46:13,211,393,,,,
11:46:14,211,393,,,,
11:46:15,247,425,,,,
11:46:16,491,607,,,,
11:46:17,215,607,,,,
11:46:18,157,141,,600,,
11:46:19,231,209,800,,,
11:46:20,279,211,,,,
11:46:21,46,80,,600,,200
11:46:22,46,80,,,,
11:46:23,46,163,,,,
11:46:24,213,163,800,,400,
11:46:25,205,449,,,,
11:46:26,205,453,,,,
11:46:27,205,453,,,,
11:46:28,205,449,,,,
11:46:29,191,439,,,,
11:46:30,191,439,,,,
11:46:31,191,439,,,,
11:46:32,191,439,,,,
11:46:33,191,439,,,,
11:46:34,191,439,,,,
11:46:35,173,439,,,,
11:46:36,149,439,,,,
11:46:37,149,455,,,,
11:46:38,159,455,,,,
11:46:39,159,455,,,,
11:46:40,159,455,,,,
11:46:41,159,455,,,,
11:46:42,165,455,,,,
11:46:43,165,441,,,,
11:46:44,195,441,,,,
11:46:45,195,441,,,,
11:46:46,195,441,,,,
11:46:47,195,437,,,,
11:46:48,195,437,,,,
11:46:49,195,413,,,,
11:46:50,195,421,,,,
11:46:51,207,421,,,,
11:46:52,209,421,,,,
11:46:53,209,411,,,,
11:46:54,209,429,,,,
11:46:55,181,429,,,,
11:46:56,181,409,,,,
11:46:57,181,409,,,,
11:46:58,181,409,,,,
11:46:59,181,409,,,,
11:47:00,181,425,,,,
11:47:01,181,409,,,,
11:47:02,181,409,,,,
11:47:03,181,409,,,,
11:47:04,181,409,,,,
11:47:05,329,477,,,,
11:47:06,329,327,,,,
11:47:07,337,327,,,,
11:47:08,78,207,,600,,200
11:47:09,42,46,,,,
11:47:10,6,46,,,,
11:47:11,6,46,,,,
11:47:12,6,46,,,,
11:47:13,40,46,,,,
11:47:14,40,46,,,,
11:47:15,40,46,,,,
11:47:16,40,46,,,,
11:47:17,40,46,,,,
11:47:18,40,46,,,,
11:47:19,147,118,800,,,
11:47:20,463,457,,,400,
11:47:21,463,457,,,,
11:47:22,417,503,,,,
11:47:23,421,503,,,,
11:47:24,421,503,,,,
11:47:25,443,503,,,,
11:47:26,443,503,,,,
11:47:27,397,503,,,,
11:47:28,397,561,,,,
11:47:29,397,561,,,,
11:47:30,415,561,,,,
11:47:31,415,561,,,,
11:47:32,439,575,,,,
11:47:33,439,575,,,,
11:47:34,439,575,,,,
11:47:35,439,575,,,,
11:47:36,425,575,,,,
11:47:37,425,575,,,,
11:47:38,405,513,,,,
11:47:39,405,513,,,,
11:47:40,423,513,,,,
11:47:41,419,513,,,,
11:47:42,419,513,,,,
11:47:43,431,545,,,,
11:47:44,457,673,,,,
11:47:45,457,507,,,,
11:47:46,385,555,,,,
11:47:47,261,453,,,,
11:47:48,64,52,,600,,200
11:47:49,64,52,,,,
11:47:50,64,8,,,,
11:47:51,64,8,,,,
11:47:52,64,2,,,,
11:47:53,64,2,,,,
11:47:54,64,2,,,,
11:47:55,64,2,,,,
11:47:56,64,2,,,,
11:47:57,64,2,,,,
11:47:58,64,2,,,,
11:47:59,64,2,,,,
11:48:00,64,2,,,,
11:48:01,64,2,,,,
11:48:02,64,2,,,,
11:48:03,64,2,,,,
11:48:04,28,2,,,,
11:48:05,28,2,,,,
11:48:06,141,96,800,,,
11:48:07,423,205,,,400,
11:48:08,423,333,,,,
11:48:09,427,349,,,,
11:48:10,427,349,,,,
11:48:11,405,349,,,,
11:48:12,583,349,,,,
11:48:13,899,349,,,,
11:48:14,1973,287,,,,
11:48:15,1973,287,,,,
11:48:16,1973,287,,,,
11:48:17,1973,287,,,,
11:48:18,1973,287,,,,
11:48:19,1973,267,,,,
11:48:20,1973,267,,,,
11:48:21,1973,267,,,,
11:48:22,1973,267,,,,
11:48:23,1973,267,,,,
11:48:24,1973,267,,,,
11:48:25,1973,267,,,,
11:48:26,1971,267,,,,
11:48:27,1971,267,,,,
11:48:28,1961,267,,,,
11:48:29,1961,267,,,,
11:48:30,1961,265,,,,
11:48:31,1961,265,,,,
11:48:32,1961,265,,,,
11:48:33,1961,265,,,,
11:48:34,1961,265,,,,
11:48:35,1961,265,,,,
11:48:36,1961,275,,,,
11:48:37,1961,249,,,,
11:48:38,1961,249,,,,
11:48:39,1961,249,,,,
11:48:40,1961,261,,,,
11:48:41,1961,261,,,,
11:48:42,1961,261,,,,
11:48:43,1961,261,,,,
11:48:44,1961,237,,,,
11:48:45,1961,237,,,,
11:48:46,1961,237,,,,
11:48:47,1961,255,,,,
11:48:48,1961,255,,,,
11:48:49,1961,255,,,,
11:48:50,1961,255,,,,
11:48:51,1961,255,,,,
11:48:52,1961,255,,,,
11:48:53,1961,255,,,,
11:48:54,1961,255,,,,
11:48:55,1961,255,,,,
11:48:56,1961,255,,,,
11:48:57,1961,255,,,,
11:48:58,1211,449,,,,
11:48:59,1609,2331,,,,
11:49:00,1917,1089,,,,
11:49:01,20,195,,,,
11:49:02,20,48,,600,,200
11:49:03,20,48,,,,
11:49:04,20,48,,,,
11:49:05,20,48,,,,
11:49:06,20,48,,,,
11:49:07,20,48,,,,
11:49:08,20,48,,,,
11:49:09,20,48,,,,
11:49:10,20,48,,,,
11:49:11,20,48,,,,
11:49:12,20,48,,,,
11:49:13,10,48,,,,
11:49:14,10,48,,,,
11:49:15,10,48,,,,
11:49:16,10,48,,,,
11:49:17,10,48,,,,
11:49:18,10,48,,,,
11:49:19,10,48,,,,
11:49:20,10,48,,,,
11:49:21,10,48,,,,
11:49:22,10,48,,,,
11:49:23,10,48,,,,
11:49:24,10,48,,,,
11:49:25,12,48,,,,
11:49:26,12,48,,,,
11:49:27,12,48,,,,
11:49:28,12,48,,,,
11:49:29,12,48,,,,
11:49:30,12,48,,,,
11:49:31,12,48,,,,
11:49:32,12,48,,,,
11:49:33,12,48,,,,
11:49:34,12,48,,,,
11:49:35,12,48,,,,
11:49:36,12,48,,,,
11:49:37,12,48,,,,
11:49:38,12,48,,,,
11:49:39,12,48,,,,
11:49:40,12,48,,,,
11:49:41,12,48,,,,
11:49:42,12,48,,,,
11:49:43,12,48,,,,
11:49:44,12,48,,,,
11:49:45,12,48,,,,
11:49:46,12,14,,,,
11:49:47,12,14,,,,
11:49:48,12,14,,,,
11:49:49,12,14,,,,
11:49:50,12,14,,,,
11:49:51,12,14,,,,
11:49:52,12,14,,,,
11:49:53,12,14,,,,
11:49:54,12,14,,,,
11:49:55,321,275,,,,
11:49:56,1275,803,800,,,
11:49:57,831,613,,,400,
11:49:58,771,407,,,,
11:49:59,771,431,,,,
11:50:00,771,431,,,,
11:50:01,771,431,,,,
11:50:02,771,431,,,,
11:50:03,771,431,,,,
11:50:04,771,439,,,,
11:50:05,771,425,,,,
11:50:06,771,425,,,,
11:50:07,785,409,,,,
11:50:08,785,427,,,,
11:50:09,785,409,,,,
11:50:10,785,409,,,,
11:50:11,785,409,,,,
11:50:12,785,427,,,,
11:50:13,769,407,,,,
11:50:14,769,423,,,,
11:50:15,769,423,,,,
11:50:16,773,405,,,,
11:50:17,763,411,,,,
11:50:18,759,441,,,,
11:50:19,777,435,,,,
11:50:20,799,433,,,,
11:50:21,779,433,,,,
11:50:22,771,501,,,,
11:50:23,761,357,,,,
11:50:24,761,357,,,,
11:50:25,60,167,,,,
11:50:26,60,44,,600,,
11:50:27,60,44,,,,200
11:50:28,4,0,,,,
11:50:29,4,0,,,,
11:50:30,4,0,,,,
11:50:31,4,0,,,,
11:50:32,4,0,,,,
11:50:33,4,0,,,,
11:50:34,4,0,,,,
11:50:35,4,0,,,,
11:50:36,4,0,,,,
11:50:37,4,0,,,,
11:50:38,4,0,,,,
11:50:39,4,0,,,,
11:50:40,4,0,,,,
11:50:41,4,12,,,,
11:50:42,4,12,,,,
11:50:43,4,12,,,,
11:50:44,4,12,,,,
11:50:45,4,12,,,,
11:50:46,4,12,,,,
11:50:47,4,12,,,,
11:50:48,4,12,,,,
11:50:49,4,12,,,,
11:50:50,4,12,,,,
11:50:51,4,12,,,,
11:50:52,4,12,,,,
11:50:53,4,12,,,,
11:50:54,4,12,,,,
11:50:55,4,12,,,,
11:50:56,4,12,,,,
11:50:57,4,12,,,,
11:50:58,4,12,,,,
11:50:59,4,12,,,,
11:51:00,4,12,,,,
11:51:01,4,12,,,,
11:51:02,4,12,,,,
11:51:03,4,12,,,,
11:51:04,4,12,,,,
11:51:05,4,12,,,,
11:51:06,4,12,,,,
11:51:07,4,12,,,,
11:51:08,4,12,,,,
11:51:09,4,48,,,,
11:51:10,423,157,800,,,
11:51:11,319,397,,,400,
11:51:12,277,397,,,,
11:51:13,291,397,,,,
11:51:14,269,397,,,,
11:51:15,291,397,,,,
11:51:16,287,369,,,,
11:51:17,289,391,,,,
11:51:18,289,391,,,,
11:51:19,281,391,,,,
11:51:20,281,391,,,,
11:51:21,281,391,,,,
11:51:22,267,391,,,,
11:51:23,265,391,,,,
11:51:24,265,391,,,,
11:51:25,265,391,,,,
11:51:26,265,391,,,,
11:51:27,293,391,,,,
11:51:28,263,391,,,,
11:51:29,257,391,,,,
11:51:30,289,391,,,,
11:51:31,289,391,,,,
11:51:32,289,391,,,,
11:51:33,289,391,,,,
11:51:34,289,391,,,,
11:51:35,289,391,,,,
11:51:36,289,391,,,,
11:51:37,299,373,,,,
11:51:38,297,373,,,,
11:51:39,297,373,,,,
11:51:40,297,387,,,,
11:51:41,297,387,,,,
11:51:42,297,387,,,,
11:51:43,389,387,,,,
11:51:44,323,431,,,,
11:51:45,389,517,,,,
11:51:46,389,559,,,,
11:51:47,415,347,,,,
11:51:48,499,433,,,,
11:51:49,841,757,,,,
11:51:50,787,1019,,,,
11:51:51,787,963,,,,200
11:51:52,787,963,,,,
11:51:53,787,963,,,,
11:51:54,787,963,,,,
11:51:55,787,999,,,,
11:51:56,787,999,,,,
11:51:57,787,1003,,,,
11:51:58,787,1003,,,,
11:51:59,787,1003,,,,
11:52:00,787,1003,,,,
11:52:01,787,1003,,,,
11:52:02,787,1003,,,,
11:52:03,787,1003,,,,
11:52:04,787,1003,,,,
11:52:05,787,1003,,,,
11:52:06,785,921,,,,
11:52:07,865,913,,,,
11:52:08,907,913,,,,
11:52:09,907,913,,,,
11:52:10,907,913,,,,
11:52:11,907,913,,,,
11:52:12,907,913,,,,
11:52:13,907,875,,,,
11:52:14,907,875,,,,
11:52:15,907,875,,,,
11:52:16,935,875,,,,
11:52:17,935,875,,,,
11:52:18,935,875,,,,
11:52:19,935,875,,,,
11:52:20,935,875,,,,
11:52:21,935,875,,,,
11:52:22,935,875,,,,
11:52:23,935,875,,,,
11:52:24,935,875,,,,
11:52:25,935,875,,,,
11:52:26,397,697,,,,
11:52:27,181,205,,,,
11:52:28,82,66,,600,,
11:52:29,82,66,,,,
11:52:30,82,66,,,,
11:52:31,145,173,800,,,
11:52:32,577,355,,,400,
11:52:33,577,659,,,,
11:52:34,699,863,,,,
11:52:35,725,1079,,,,
11:52:36,757,1215,,,,
11:52:37,809,1061,,,,
11:52:38,809,1035,,,,
11:52:39,813,1035,,,,
11:52:40,813,1035,,,,
11:52:41,813,1035,,,,
11:52:42,813,1035,,,,
11:52:43,813,1035,,,,
11:52:44,813,1049,,,,
11:52:45,813,1049,,,,
11:52:46,813,1049,,,,
11:52:47,813,1049,,,,
11:52:48,813,1049,,,,
11:52:49,805,1049,,,,
11:52:50,805,1049,,,,
11:52:51,805,1049,,,,
11:52:52,805,1049,,,,
11:52:53,805,1049,,,,
11:52:54,805,1049,,,,
11:52:55,805,1049,,,,
11:52:56,805,1049,,,,
11:52:57,805,1049,,,,
11:52:58,737,977,,,,
11:52:59,713,977,,,,
11:53:00,713,755,,,,
11:53:01,567,657,,,,
11:53:02,245,253,,,,
11:53:03,115,327,,600,,
11:53:04,233,327,800,,,200
11:53:05,48,36,,600,,
11:53:06,48,36,,,,
11:53:07,48,54,,,,
11:53:08,203,137,800,,,
11:53:09,203,137,,,400,
11:53:10,325,195,,,,
11:53:11,379,403,,,,
11:53:12,407,437,,,,
11:53:13,433,407,,,,
11:53:14,433,407,,,,
11:53:15,433,435,,,,
11:53:16,421,435,,,,
11:53:17,421,407,,,,
11:53:18,435,431,,,,
11:53:19,435,433,,,,
11:53:20,451,409,,,,
11:53:21,451,409,,,,
11:53:22,439,399,,,,
11:53:23,425,401,,,,
11:53:24,425,401,,,,
11:53:25,419,431,,,,
11:53:26,419,439,,,,
11:53:27,419,439,,,,
11:53:28,419,437,,,,
11:53:29,419,437,,,,
11:53:30,439,427,,,,
11:53:31,439,453,,,,
11:53:32,439,443,,,,
11:53:33,439,421,,,,
11:53:34,439,419,,,,
11:53:35,439,443,,,,
11:53:36,461,445,,,,
11:53:37,461,445,,,,
11:53:38,437,433,,,,
11:53:39,437,417,,,,
11:53:40,437,417,,,,
11:53:41,437,417,,,,
11:53:42,437,417,,,,
11:53:43,437,435,,,,
11:53:44,437,443,,,,
11:53:45,437,431,,,,
11:53:46,453,421,,,,
11:53:47,453,421,,,,
11:53:48,453,415,,,,
11:53:49,453,421,,,,
11:53:50,453,449,,,,
11:53:51,453,449,,,,
11:53:52,453,413,,,,
11:53:53,453,445,,,,
11:53:54,453,433,,,,
11:53:55,453,455,,,,
11:53:56,453,427,,,,
11:53:57,453,439,,,,
11:53:58,427,415,,,,
11:53:59,429,441,,,,
11:54:00,429,441,,,,
11:54:01,429,435,,,,
11:54:02,429,437,,,,
11:54:03,429,437,,,,
11:54:04,431,447,,,,
11:54:05,431,415,,,,
11:54:06,463,417,,,,
11:54:07,435,415,,,,
11:54:08,435,415,,,,
11:54:09,455,409,,,,
11:54:10,449,433,,,,
11:54:11,449,419,,,,
11:54:12,449,429,,,,
11:54:13,449,417,,,,
11:54:14,449,401,,,,
11:54:15,449,429,,,,
11:54:16,449,423,,,,
11:54:17,461,409,,,,
11:54:18,457,417,,,,
11:54:19,457,413,,,,
11:54:20,431,415,,,,
11:54:21,431,407,,,,
11:54:22,431,417,,,,
11:54:23,431,417,,,,
11:54:24,431,409,,,,
11:54:25,439,419,,,,
11:54:26,439,437,,,,
11:54:27,439,437,,,,
11:54:28,439,445,,,,
11:54:29,439,409,,,,
11:54:30,453,417,,,,
11:54:31,453,413,,,,
11:54:32,455,429,,,,
11:54:33,461,409,,,,
11:54:34,461,405,,,,
11:54:35,461,419,,,,
11:54:36,461,419,,,,
11:54:37,461,409,,,,
11:54:38,461,429,,,,
11:54:39,461,429,,,,
11:54:40,489,387,,,,
11:54:41,489,387,,,,
11:54:42,553,387,,,,
11:54:43,547,403,,,,
11:54:44,547,425,,,,
11:54:45,561,447,,,,
11:54:46,417,413,,,,
11:54:47,511,189,,,,
11:54:48,637,449,,,,
11:54:49,151,255,,,,
11:54:50,825,1057,,,,200
11:54:51,951,993,,,400,
11:54:52,701,803,,,,
11:54:53,701,739,,,,
11:54:54,701,739,,,,
11:54:55,701,739,,,,
11:54:56,701,739,,,,
11:54:57,701,739,,,,
11:54:58,701,739,,,,
11:54:59,701,739,,,,
11:55:00,701,739,,,,
11:55:01,701,739,,,,
11:55:02,701,739,,,,
11:55:03,701,739,,,,
11:55:04,701,739,,,,
11:55:05,701,739,,,,
11:55:06,701,739,,,,
11:55:07,701,739,,,,
11:55:08,669,739,,,,
11:55:09,669,739,,,,
11:55:10,669,743,,,,
11:55:11,669,743,,,,
11:55:12,669,743,,,,
11:55:13,665,743,,,,
11:55:14,665,743,,,,
11:55:15,665,743,,,,
11:55:16,665,743,,,,
11:55:17,665,743,,,,
11:55:18,665,743,,,,
11:55:19,665,743,,,,
11:55:20,665,743,,,,
11:55:21,665,743,,,,
11:55:22,659,743,,,,
11:55:23,659,757,,,,
11:55:24,659,757,,,,
11:55:25,659,761,,,,
11:55:26,693,761,,,,
11:55:27,693,761,,,,
11:55:28,681,761,,,,
11:55:29,681,761,,,,
11:55:30,761,761,,,,
11:55:31,1237,1143,,,,
11:55:32,297,201,,,,
11:55:33,297,201,,,,200
11:55:34,18,42,,600,,
11:55:35,18,42,,,,
11:55:36,18,42,,,,
11:55:37,401,281,,,,
11:55:38,845,281,800,,400,
11:55:39,845,281,,,,
11:55:40,375,351,,,,
11:55:41,375,351,,,,
11:55:42,375,351,,,,
11:55:43,375,337,,,,
11:55:44,375,317,,,,
11:55:45,347,317,,,,
11:55:46,347,313,,,,
11:55:47,391,303,,,,
11:55:48,421,301,,,,
11:55:49,421,301,,,,
11:55:50,389,281,,,,
11:55:51,389,281,,,,
11:55:52,389,321,,,,
11:55:53,389,313,,,,
11:55:54,389,283,,,,
11:55:55,369,265,,,,
11:55:56,369,197,,,,
11:55:57,433,197,,,,
11:55:58,309,197,,,,
11:55:59,309,197,,,,
11:56:00,309,379,,,,200
11:56:01,249,305,,,,
11:56:02,151,88,,600,,
11:56:03,88,72,800,600,,
11:56:04,88,72,,,,
11:56:05,94,72,,,,
11:56:06,84,72,,,,
11:56:07,84,72,,,,
11:56:08,82,72,,,,
11:56:09,82,72,,,,
11:56:10,82,72,,,,
11:56:11,82,72,,,,
11:56:12,82,72,,,,
11:56:13,82,72,,,,
11:56:14,82,94,,,,
11:56:15,147,175,800,,,
11:56:16,723,643,,,400,
11:56:17,777,517,,,,
11:56:18,777,577,,,,
11:56:19,777,585,,,,
11:56:20,777,605,,,,
11:56:21,777,605,,,,
11:56:22,777,605,,,,
11:56:23,777,605,,,,
11:56:24,777,605,,,,
11:56:25,777,605,,,,
11:56:26,777,605,,,,
11:56:27,777,605,,,,
11:56:28,777,605,,,,
11:56:29,777,605,,,,
11:56:30,777,605,,,,
11:56:31,777,605,,,,
11:56:32,777,617,,,,
11:56:33,777,617,,,,
11:56:34,777,617,,,,
11:56:35,777,617,,,,
11:56:36,777,617,,,,
11:56:37,777,617,,,,
11:56:38,777,619,,,,
11:56:39,777,619,,,,
11:56:40,785,619,,,,
11:56:41,785,619,,,,
11:56:42,779,619,,,,
11:56:43,779,619,,,,
11:56:44,779,619,,,,
11:56:45,779,619,,,,
11:56:46,779,619,,,,
11:56:47,779,619,,,,
11:56:48,779,619,,,,
11:56:49,779,619,,,,
11:56:50,779,619,,,,
11:56:51,779,619,,,,
11:56:52,757,619,,,,
11:56:53,757,619,,,,
11:56:54,757,619,,,,
11:56:55,757,619,,,,
11:56:56,757,569,,,,
11:56:57,695,577,,,,
11:56:58,745,647,,,,
11:56:59,509,437,,,,
11:57:00,445,371,,,,
11:57:01,209,171,,600,,200
11:57:02,80,88,,,,
11:57:03,48,88,800,600,,
11:57:04,48,88,,,,
11:57:05,106,100,,,,
11:57:06,106,605,800,,,
11:57:07,637,283,,,,
11:57:08,601,229,,,400,
11:57:09,601,229,,,,
11:57:10,583,261,,,,
11:57:11,609,239,,,,
11:57:12,611,253,,,,
11:57:13,591,243,,,,
11:57:14,591,273,,,,
11:57:15,591,405,,,,
11:57:16,421,405,,,,
11:57:17,381,301,,,,
11:57:18,381,301,,,,
11:57:19,381,301,,,,
11:57:20,381,301,,,,
11:57:21,381,301,,,,
11:57:22,389,387,,,,
11:57:23,389,421,,,,
11:57:24,389,421,,,,
11:57:25,389,421,,,,
11:57:26,389,421,,,,
11:57:27,389,421,,,,
11:57:28,605,531,,,,
11:57:29,693,511,,,,
11:57:30,709,461,,,,200
11:57:31,395,241,,,,
11:57:32,86,241,,,,
11:57:33,86,86,,600,,
11:57:34,86,86,,,,
11:57:35,86,86,,,,
11:57:36,86,86,,,,
11:57:37,86,86,,,,
11:57:38,86,86,,,,
11:57:39,86,86,,,,
11:57:40,86,86,,,,
11:57:41,86,86,,,,
11:57:42,86,86,,,,
11:57:43,86,86,,,,
11:57:44,86,86,,,,
11:57:45,86,86,,,,
11:57:46,86,86,,,,
11:57:47,86,86,,,,
11:57:48,86,40,,,,
11:57:49,86,40,,,,
11:57:50,86,40,,,,
11:57:51,80,177,800,,,
11:57:52,325,1779,,,400,
11:57:53,2397,1411,,,,
11:57:54,2397,1461,,,,
11:57:55,2385,1429,,,,
11:57:56,2385,1441,,,,
11:57:57,2385,1441,,,,
11:57:58,2385,1425,,,,
11:57:59,2397,1441,,,,
11:58:00,2397,1443,,,,
11:58:01,2383,1449,,,,
11:58:02,2383,1449,,,,
11:58:03,2383,1449,,,,
11:58:04,2383,1421,,,,
11:58:05,2383,1421,,,,
11:58:06,2383,1421,,,,
11:58:07,2247,1421,,,,
11:58:08,2243,1137,,,,
11:58:09,2243,1159,,,,
11:58:10,2243,1159,,,,
11:58:11,2275,1167,,,,
11:58:12,2197,1167,,,,
11:58:13,1061,1151,,,,
11:58:14,667,1193,,,,
11:58:15,667,1193,,,,
11:58:16,703,1743,,,,
11:58:17,783,1313,,,,
11:58:18,783,1313,,,,200
11:58:19,677,677,,,,
11:58:20,677,677,,,,
11:58:21,677,677,,,,
11:58:22,657,677,,,,
11:58:23,657,677,,,,
11:58:24,657,677,,,,
11:58:25,657,677,,,,
11:58:26,657,677,,,,
11:58:27,657,677,,,,
11:58:28,657,677,,,,
11:58:29,657,677,,,,
11:58:30,657,677,,,,
11:58:31,657,677,,,,
11:58:32,365,303,,,,
11:58:33,291,303,,,,
11:58:34,86,86,,600,,
11:58:35,86,86,,,,
11:58:36,86,153,800,,,
11:58:37,593,571,,,400,
11:58:38,593,601,,,,
11:58:39,593,601,,,,
11:58:40,593,381,,,,
11:58:41,293,381,,,,
11:58:42,303,371,,,,
11:58:43,303,371,,,,
11:58:44,277,375,,,,
11:58:45,297,393,,,,
11:58:46,291,377,,,,
11:58:47,291,381,,,,
11:58:48,309,381,,,,
11:58:49,277,375,,,,
11:58:50,377,433,,,,
11:58:51,921,433,,,,
11:58:52,1537,555,,,,
11:58:53,999,555,,,,
11:58:54,999,555,,,,
11:58:55,1265,1085,,,,200
11:58:56,665,805,,,,
11:58:57,471,281,,,,
11:58:58,90,88,,600,,
11:58:59,90,58,800,600,,
11:59:00,90,58,,,,
11:59:01,825,108,800,,,
11:59:02,671,251,,,400,
11:59:03,443,371,,,,
11:59:04,455,457,,,,
11:59:05,443,457,,,,
11:59:06,443,457,,,,
11:59:07,443,457,,,,
11:59:08,443,457,,,,
11:59:09,443,457,,,,
11:59:10,443,457,,,,
11:59:11,443,433,,,,
11:59:12,443,433,,,,
11:59:13,443,433,,,,
11:59:14,443,433,,,,
11:59:15,443,433,,,,
11:59:16,443,433,,,,
11:59:17,443,433,,,,
11:59:18,443,423,,,,
11:59:19,443,423,,,,
11:59:20,443,423,,,,
11:59:21,443,423,,,,
11:59:22,443,423,,,,
11:59:23,443,423,,,,
11:59:24,443,423,,,,
11:59:25,443,423,,,,
11:59:26,443,423,,,,
11:59:27,443,423,,,,
11:59:28,443,451,,,,
11:59:29,443,451,,,,
11:59:30,443,469,,,,
11:59:31,443,469,,,,
11:59:32,443,431,,,,
11:59:33,443,431,,,,
11:59:34,443,431,,,,
11:59:35,443,431,,,,
11:59:36,443,431,,,,
11:59:37,443,457,,,,
11:59:38,443,457,,,,
11:59:39,443,457,,,,
11:59:40,443,457,,,,
11:59:41,443,457,,,,
11:59:42,443,457,,,,
11:59:43,569,457,,,,
11:59:44,611,417,,,,
11:59:45,799,417,,,,
11:59:46,691,657,,,,
11:59:47,439,769,,,,
11:59:48,439,769,,,,200
11:59:49,40,64,,600,,
11:59:50,147,135,800,,,
11:59:51,649,883,,,400,
11:59:52,879,425,,,,
11:59:53,879,425,,,,
11:59:54,865,425,,,,
11:59:55,871,425,,,,
11:59:56,871,425,,,,
11:59:57,871,425,,,,
11:59:58,871,425,,,,
11:59:59,871,425,,,,
