Date,puck1,puck2,msgs1,msgs2
11:00:16 AM,471,271,,
11:00:17 AM,471,271,,
11:00:18 AM,471,271,,
11:00:19 AM,471,525,,
11:00:20 AM,1247,835,,
11:00:21 AM,1247,835,,
11:00:22 AM,56,84,600,200
11:00:23 AM,56,84,,
11:00:24 AM,56,84,,
11:00:25 AM,56,84,,
11:00:26 AM,56,84,,
11:00:27 AM,56,84,,
11:00:28 AM,56,84,,
11:00:29 AM,56,84,,
11:00:30 AM,56,84,,
11:00:31 AM,56,84,,
11:00:32 AM,56,84,,
11:00:33 AM,56,84,,
11:00:34 AM,56,84,,
11:00:35 AM,56,84,,
11:00:36 AM,56,84,,
11:00:37 AM,56,84,,
11:00:38 AM,56,84,,
11:00:39 AM,56,84,,
11:00:40 AM,56,84,,
11:00:41 AM,56,84,,
11:00:42 AM,56,84,,
11:00:43 AM,56,84,,
11:00:44 AM,56,84,,
11:00:45 AM,56,84,,
11:00:46 AM,56,84,,
11:00:47 AM,56,84,,
11:00:48 AM,56,84,,
11:00:49 AM,56,12,,
11:00:50 AM,56,12,,
11:00:51 AM,56,12,,
11:00:52 AM,56,12,,
11:00:53 AM,56,12,,
11:00:54 AM,56,12,,
11:00:55 AM,56,12,,
11:00:56 AM,56,12,,
11:00:57 AM,56,12,,
11:00:58 AM,56,12,,
11:00:59 AM,56,12,,
11:01:00 AM,56,12,,
11:01:01 AM,6,12,,
11:01:02 AM,6,12,,
11:01:03 AM,6,12,,
11:01:04 AM,6,12,,
11:01:05 AM,6,12,,
11:01:06 AM,6,12,,
11:01:07 AM,6,12,,
11:01:08 AM,6,12,,
11:01:09 AM,6,12,,
11:01:10 AM,6,12,,
11:01:11 AM,6,12,,
11:01:12 AM,6,12,,
11:01:13 AM,6,12,,
11:01:14 AM,6,12,,
11:01:15 AM,6,12,,
11:01:16 AM,6,12,,
11:01:17 AM,6,12,,
11:01:18 AM,6,12,,
11:01:19 AM,6,12,,
11:01:20 AM,6,12,,
11:01:21 AM,6,12,,
11:01:22 AM,6,12,,
11:01:23 AM,6,12,,
11:01:24 AM,6,12,,
11:01:25 AM,6,12,,
11:01:26 AM,6,12,,
11:01:27 AM,6,12,,
11:01:28 AM,6,12,,
11:01:29 AM,6,12,,
11:01:30 AM,6,12,,
11:01:31 AM,6,12,,
11:01:32 AM,6,12,,
11:01:33 AM,6,12,,
11:01:34 AM,6,12,,
11:01:35 AM,6,12,,
11:01:36 AM,6,12,,
11:01:37 AM,6,12,,
11:01:38 AM,6,12,,
11:01:39 AM,6,12,,
11:01:40 AM,6,12,,
11:01:41 AM,6,12,,
11:01:42 AM,6,12,,
11:01:43 AM,6,12,,
11:01:44 AM,6,12,,
11:01:45 AM,6,12,,
11:01:46 AM,6,12,,
11:01:47 AM,6,12,,
11:01:48 AM,6,12,,
11:01:49 AM,6,12,,
11:01:50 AM,6,12,,
11:01:51 AM,6,12,,
11:01:52 AM,6,12,,
11:01:53 AM,6,12,,
11:01:54 AM,6,12,,
11:01:55 AM,6,12,,
11:01:56 AM,6,12,,
11:01:57 AM,6,12,,
11:01:58 AM,6,12,,
11:01:59 AM,10,12,,
11:02:00 AM,10,12,,
11:02:01 AM,10,12,,
11:02:02 AM,10,12,,
11:02:03 AM,10,12,,
11:02:04 AM,10,12,,
11:02:05 AM,10,12,,
11:02:06 AM,10,12,,
11:02:07 AM,10,12,,
11:02:08 AM,10,12,,
11:02:09 AM,10,12,,
11:02:10 AM,10,12,,
11:02:11 AM,10,12,,
11:02:12 AM,10,12,,
11:02:13 AM,10,12,,
11:02:14 AM,10,12,,
11:02:15 AM,10,12,,
11:02:16 AM,10,12,,
11:02:17 AM,10,12,,
11:02:18 AM,10,12,,
11:02:19 AM,10,12,,
11:02:20 AM,10,12,,
11:02:21 AM,10,12,,
11:02:22 AM,10,12,,
11:02:23 AM,10,12,,
11:02:24 AM,10,12,,
11:02:25 AM,10,12,,
11:02:26 AM,10,12,,
11:02:27 AM,421,12,800,
11:02:28 AM,583,571,,400
11:02:29 AM,529,197,,
11:02:30 AM,529,197,,
11:02:31 AM,529,197,,
11:02:32 AM,529,197,,
11:02:33 AM,529,197,,
11:02:34 AM,529,197,,
11:02:35 AM,529,197,,
11:02:36 AM,529,197,,
11:02:37 AM,529,197,,
11:02:38 AM,529,197,,
11:02:39 AM,529,197,,
11:02:40 AM,529,197,,
11:02:41 AM,529,197,,
11:02:42 AM,529,197,,
11:02:43 AM,529,197,,
11:02:44 AM,529,113,,
11:02:45 AM,529,113,,
11:02:46 AM,529,109,,
11:02:47 AM,361,109,,
11:02:48 AM,361,109,,
11:02:49 AM,80,169,800,
11:02:50 AM,18,88,600,200
11:02:51 AM,100,62,,
11:02:52 AM,100,62,,
11:02:53 AM,100,62,,
11:02:54 AM,100,62,,
11:02:55 AM,100,62,,
11:02:56 AM,100,62,,
11:02:57 AM,14,62,,
11:02:58 AM,14,62,,
11:02:59 AM,14,62,,
11:03:00 AM,14,62,,
11:03:01 AM,14,62,,
11:03:02 AM,14,62,,
11:03:03 AM,14,62,,
11:03:04 AM,14,62,,
11:03:05 AM,14,62,,
11:03:06 AM,14,62,,
11:03:07 AM,14,62,,
11:03:08 AM,14,62,,
11:03:09 AM,14,62,,
11:03:10 AM,14,62,,
11:03:11 AM,14,62,,
11:03:12 AM,14,62,,
11:03:13 AM,14,62,,
11:03:14 AM,14,62,,
11:03:15 AM,14,62,,
11:03:16 AM,14,62,,
11:03:17 AM,14,62,,
11:03:18 AM,14,62,,
11:03:19 AM,14,62,,
11:03:20 AM,14,233,800,
11:03:21 AM,801,233,,400
11:03:22 AM,789,703,,
11:03:23 AM,773,521,,
11:03:24 AM,773,521,,
11:03:25 AM,773,521,,
11:03:26 AM,773,521,,
11:03:27 AM,773,521,,
11:03:28 AM,773,521,,
11:03:29 AM,773,521,,
11:03:30 AM,773,521,,
11:03:31 AM,773,521,,
11:03:32 AM,773,521,,
11:03:33 AM,773,521,,
11:03:34 AM,773,521,,
11:03:35 AM,773,521,,
11:03:36 AM,773,521,,
11:03:37 AM,773,521,,
11:03:38 AM,773,521,,
11:03:39 AM,773,521,,
11:03:40 AM,773,521,,
11:03:41 AM,879,521,,
11:03:42 AM,879,521,,
11:03:43 AM,1037,709,,
11:03:44 AM,609,641,,
11:03:45 AM,649,303,,
11:03:46 AM,56,48,600,200
11:03:47 AM,56,48,,
11:03:48 AM,56,48,,
11:03:49 AM,56,48,,
11:03:50 AM,56,48,,
11:03:51 AM,56,48,,
11:03:52 AM,56,48,,
11:03:53 AM,56,48,,
11:03:54 AM,56,48,,
11:03:55 AM,4,48,,
11:03:56 AM,4,48,,
11:03:57 AM,4,48,,
11:03:58 AM,4,48,,
11:03:59 AM,4,48,,
11:04:00 AM,4,48,,
11:04:01 AM,4,48,,
11:04:02 AM,4,48,,
11:04:03 AM,4,48,,
11:04:04 AM,4,48,,
11:04:05 AM,4,48,,
11:04:06 AM,159,147,800,
11:04:07 AM,567,569,,
11:04:08 AM,567,567,,400
11:04:09 AM,567,567,,
11:04:10 AM,567,567,,
11:04:11 AM,567,567,,
11:04:12 AM,567,567,,
11:04:13 AM,567,567,,
11:04:14 AM,567,567,,
11:04:15 AM,567,567,,
11:04:16 AM,567,567,,
11:04:17 AM,567,567,,
11:04:18 AM,567,567,,
11:04:19 AM,567,567,,
11:04:20 AM,567,567,,
11:04:21 AM,567,567,,
11:04:22 AM,567,567,,
11:04:23 AM,567,567,,
11:04:24 AM,567,567,,
11:04:25 AM,567,567,,
11:04:26 AM,567,567,,
11:04:27 AM,567,567,,
11:04:28 AM,567,567,,
11:04:29 AM,567,567,,
11:04:30 AM,567,567,,
11:04:31 AM,567,567,,
11:04:32 AM,567,567,,
11:04:33 AM,567,567,,
11:04:34 AM,567,567,,
11:04:35 AM,567,567,,
11:04:36 AM,567,567,,
11:04:37 AM,567,567,,
11:04:38 AM,567,567,,
11:04:39 AM,567,567,,
11:04:40 AM,567,603,,
11:04:41 AM,567,603,,
11:04:42 AM,567,603,,
11:04:43 AM,567,745,,
11:04:44 AM,567,391,,
11:04:45 AM,593,859,,
11:04:46 AM,603,605,600,200
11:04:47 AM,50,58,,
11:04:48 AM,50,58,,
11:04:49 AM,50,58,,
11:04:50 AM,50,58,,
11:04:51 AM,50,58,,
11:04:52 AM,10,58,,
11:04:53 AM,10,58,,
11:04:54 AM,10,58,,
11:04:55 AM,10,58,,
11:04:56 AM,10,58,,
11:04:57 AM,10,58,,
11:04:58 AM,10,58,,
11:04:59 AM,10,58,,
11:05:00 AM,10,58,,
11:05:01 AM,10,58,,
11:05:02 AM,10,58,,
11:05:03 AM,10,58,,
11:05:04 AM,10,58,,
11:05:05 AM,473,247,800,
11:05:06 AM,435,249,,400
11:05:07 AM,453,387,,
11:05:08 AM,453,387,,
11:05:09 AM,453,387,,
11:05:10 AM,453,387,,
11:05:11 AM,453,387,,
11:05:12 AM,453,387,,
11:05:13 AM,453,387,,
11:05:14 AM,453,387,,
11:05:15 AM,453,387,,
11:05:16 AM,453,387,,
11:05:17 AM,453,387,,
11:05:18 AM,453,387,,
11:05:19 AM,453,387,,
11:05:20 AM,453,387,,
11:05:21 AM,453,387,,
11:05:22 AM,453,387,,
11:05:23 AM,453,387,,
11:05:24 AM,519,387,,
11:05:25 AM,1385,387,,
11:05:26 AM,337,387,,
11:05:27 AM,337,263,,200
11:05:28 AM,337,263,,
11:05:29 AM,337,263,,
11:05:30 AM,337,263,,
11:05:31 AM,337,263,,
11:05:32 AM,189,263,,
11:05:33 AM,189,153,600,
11:05:34 AM,76,62,,
11:05:35 AM,76,62,,
11:05:36 AM,76,62,,
11:05:37 AM,76,62,,
11:05:38 AM,76,14,,
11:05:39 AM,76,14,,
11:05:40 AM,76,14,,
11:05:41 AM,76,14,,
11:05:42 AM,76,14,,
11:05:43 AM,76,14,,
11:05:44 AM,76,14,,
11:05:45 AM,76,14,,
11:05:46 AM,76,14,,
11:05:47 AM,76,14,,
11:05:48 AM,76,14,,
11:05:49 AM,76,14,,
11:05:50 AM,12,14,,
11:05:51 AM,12,14,,
11:05:52 AM,12,14,,
11:05:53 AM,12,14,,
11:05:54 AM,12,14,,
11:05:55 AM,92,14,,
11:05:56 AM,261,297,800,400
11:05:57 AM,531,297,,
11:05:58 AM,629,515,,
11:05:59 AM,629,515,,
11:06:00 AM,629,515,,
11:06:01 AM,629,515,,
11:06:02 AM,629,515,,
11:06:03 AM,629,515,,
11:06:04 AM,629,515,,
11:06:05 AM,629,515,,
11:06:06 AM,629,515,,
11:06:07 AM,629,515,,
11:06:08 AM,629,515,,
11:06:09 AM,629,515,,
11:06:10 AM,629,515,,
11:06:11 AM,629,515,,
11:06:12 AM,629,515,,
11:06:13 AM,629,515,,
11:06:14 AM,629,515,,
11:06:15 AM,629,515,,
11:06:16 AM,629,515,,
11:06:17 AM,629,515,,
11:06:18 AM,629,515,,
11:06:19 AM,629,515,,
11:06:20 AM,629,515,,
11:06:21 AM,629,515,,
11:06:22 AM,629,515,,
11:06:23 AM,629,515,,
11:06:24 AM,629,515,,
11:06:25 AM,629,515,,
11:06:26 AM,629,515,,
11:06:27 AM,629,515,,
11:06:28 AM,629,515,,
11:06:29 AM,629,515,,
11:06:30 AM,629,515,,
11:06:31 AM,629,515,,
11:06:32 AM,629,515,,
11:06:33 AM,629,515,,
11:06:34 AM,629,515,,
11:06:35 AM,629,515,,
11:06:36 AM,629,717,,
11:06:37 AM,629,717,,
11:06:38 AM,629,717,,
11:06:39 AM,629,717,,
11:06:40 AM,629,717,,
11:06:41 AM,629,717,,
11:06:42 AM,629,717,,
11:06:43 AM,401,573,,
11:06:44 AM,581,505,,
11:06:45 AM,581,337,,
11:06:46 AM,633,605,,200
11:06:47 AM,127,113,600,
11:06:48 AM,62,88,,
11:06:49 AM,62,88,,
11:06:50 AM,62,88,,
11:06:51 AM,62,88,,
11:06:52 AM,62,88,,
11:06:53 AM,62,88,,
11:06:54 AM,62,88,,
11:06:55 AM,62,88,,
11:06:56 AM,62,88,,
11:06:57 AM,62,88,,
11:06:58 AM,62,88,,
11:06:59 AM,62,88,,
11:07:00 AM,62,88,800,
11:07:01 AM,183,373,,400
11:07:02 AM,183,439,,
11:07:03 AM,183,439,,
11:07:04 AM,183,439,,
11:07:05 AM,183,439,,
11:07:06 AM,183,439,,
11:07:07 AM,183,439,,
11:07:08 AM,183,439,,
11:07:09 AM,183,439,,
11:07:10 AM,183,439,,
11:07:11 AM,183,439,,
11:07:12 AM,183,439,,
11:07:13 AM,183,439,,
11:07:14 AM,183,439,,
11:07:15 AM,183,439,,
11:07:16 AM,183,439,,
11:07:17 AM,183,439,,
11:07:18 AM,183,439,,
11:07:19 AM,183,439,,
11:07:20 AM,183,439,,
11:07:21 AM,183,439,,
11:07:22 AM,183,655,,
11:07:23 AM,561,873,,
11:07:24 AM,861,1091,,
11:07:25 AM,345,603,,
11:07:26 AM,287,513,,
11:07:27 AM,167,165,600,200
11:07:28 AM,76,84,,
11:07:29 AM,76,84,,
11:07:30 AM,76,84,,
11:07:31 AM,76,84,,
11:07:32 AM,76,84,,
11:07:33 AM,76,66,,
11:07:34 AM,76,66,,
11:07:35 AM,76,66,,
11:07:36 AM,76,66,,
11:07:37 AM,76,66,,
11:07:38 AM,76,66,,
11:07:39 AM,76,66,,
11:07:40 AM,76,66,,
11:07:41 AM,76,66,,
11:07:42 AM,76,66,,
11:07:43 AM,76,66,,
11:07:44 AM,76,66,,
11:07:45 AM,48,66,,
11:07:46 AM,48,66,,
11:07:47 AM,48,66,,
11:07:48 AM,48,66,,
11:07:49 AM,48,66,,
11:07:50 AM,48,66,,
11:07:51 AM,48,66,,
11:07:52 AM,48,66,,
11:07:53 AM,48,66,,
11:07:54 AM,48,66,,
11:07:55 AM,48,66,,
11:07:56 AM,48,66,,
11:07:57 AM,48,66,,
11:07:58 AM,48,66,,
11:07:59 AM,48,66,,
11:08:00 AM,48,66,,
11:08:01 AM,48,66,,
11:08:02 AM,48,66,,
11:08:03 AM,48,66,,
11:08:04 AM,48,66,,
11:08:05 AM,48,66,,
11:08:06 AM,48,66,,
11:08:07 AM,48,66,,
11:08:08 AM,48,66,,
11:08:09 AM,48,66,,
11:08:10 AM,48,66,,
11:08:11 AM,48,66,,
11:08:12 AM,48,66,,
11:08:13 AM,48,66,,
11:08:14 AM,48,66,,
11:08:15 AM,48,66,,
11:08:16 AM,48,66,,
11:08:17 AM,48,66,,
11:08:18 AM,48,66,,
11:08:19 AM,48,66,,
11:08:20 AM,48,66,,
11:08:21 AM,48,66,,
11:08:22 AM,48,66,,
11:08:23 AM,281,339,800,400
11:08:24 AM,337,303,,
11:08:25 AM,427,133,,
11:08:26 AM,427,133,,
11:08:27 AM,427,133,,
11:08:28 AM,427,133,,
11:08:29 AM,427,133,,
11:08:30 AM,427,133,,
11:08:31 AM,427,133,,
11:08:32 AM,427,123,,
11:08:33 AM,427,123,,
11:08:34 AM,427,90,,
11:08:35 AM,427,90,,
11:08:36 AM,427,90,,
11:08:37 AM,427,90,,
11:08:38 AM,427,90,,
11:08:39 AM,427,90,,
11:08:40 AM,427,122,,
11:08:41 AM,427,122,,
11:08:42 AM,427,122,,
11:08:43 AM,389,122,,
11:08:44 AM,389,122,,
11:08:45 AM,389,122,,
11:08:46 AM,389,82,,
11:08:47 AM,389,82,,
11:08:48 AM,389,82,,
11:08:49 AM,389,82,,
11:08:50 AM,389,120,,
11:08:51 AM,389,120,,
11:08:52 AM,249,193,,
11:08:53 AM,249,193,,
11:08:54 AM,249,193,,
11:08:55 AM,567,537,,
11:08:56 AM,629,617,,200
11:08:57 AM,203,297,600,
11:08:58 AM,82,88,,
11:08:59 AM,82,88,,
11:09:00 AM,82,88,,
11:09:01 AM,82,88,,
11:09:02 AM,82,88,,
11:09:03 AM,82,88,,
11:09:04 AM,82,88,,
11:09:05 AM,82,88,,
11:09:06 AM,82,88,,
11:09:07 AM,82,88,,
11:09:08 AM,82,88,,
11:09:09 AM,82,88,,
11:09:10 AM,82,88,,
11:09:11 AM,82,88,,
11:09:12 AM,82,88,,
11:09:13 AM,82,88,,
11:09:14 AM,82,88,,
11:09:15 AM,82,88,,
11:09:16 AM,82,88,,
11:09:17 AM,82,88,,
11:09:18 AM,82,88,,
11:09:19 AM,82,88,,
11:09:20 AM,82,88,,
11:09:21 AM,82,88,,
11:09:22 AM,82,88,,
11:09:23 AM,82,88,,
11:09:24 AM,82,88,,
11:09:25 AM,82,88,,
11:09:26 AM,82,88,,
11:09:27 AM,82,88,,
11:09:28 AM,82,88,,
11:09:29 AM,82,14,,
11:09:30 AM,82,14,,
11:09:31 AM,82,14,,
11:09:32 AM,82,14,,
11:09:33 AM,82,14,,
11:09:34 AM,82,14,,
11:09:35 AM,82,14,,
11:09:36 AM,82,14,,
11:09:37 AM,82,14,,
11:09:38 AM,82,14,,
11:09:39 AM,82,14,,
11:09:40 AM,82,14,,
11:09:41 AM,12,14,,
11:09:42 AM,12,14,,
11:09:43 AM,12,14,,
11:09:44 AM,12,14,,
11:09:45 AM,12,14,,
11:09:46 AM,12,14,,
11:09:47 AM,12,14,,
11:09:48 AM,12,14,,
11:09:49 AM,12,14,,
11:09:50 AM,12,14,,
11:09:51 AM,12,14,,
11:09:52 AM,12,14,,
11:09:53 AM,12,14,,
11:09:54 AM,12,14,,
11:09:55 AM,12,14,,
11:09:56 AM,12,14,,
11:09:57 AM,12,14,,
11:09:58 AM,12,14,,
11:09:59 AM,12,14,,
11:10:00 AM,12,14,,
11:10:01 AM,12,14,,
11:10:02 AM,12,14,,
11:10:03 AM,12,14,,
11:10:04 AM,12,14,,
11:10:05 AM,12,14,,
11:10:06 AM,12,14,,
11:10:07 AM,12,14,,
11:10:08 AM,12,14,,
11:10:09 AM,12,14,,
11:10:10 AM,12,14,,
11:10:11 AM,12,14,,
11:10:12 AM,12,14,,
11:10:13 AM,12,14,,
11:10:14 AM,12,14,,
11:10:15 AM,12,14,,
11:10:16 AM,12,14,,
11:10:17 AM,12,14,,
11:10:18 AM,12,14,,
11:10:19 AM,12,14,,
11:10:20 AM,12,14,,
11:10:21 AM,12,14,,
11:10:22 AM,12,14,,
11:10:23 AM,12,14,,
11:10:24 AM,12,14,,
11:10:25 AM,12,14,,
11:10:26 AM,12,14,,
11:10:27 AM,12,2,,
11:10:28 AM,12,2,,
11:10:29 AM,12,2,,
11:10:30 AM,12,2,,
11:10:31 AM,12,2,,
11:10:32 AM,12,2,,
11:10:33 AM,12,2,,
11:10:34 AM,12,2,,
11:10:35 AM,12,2,,
11:10:36 AM,12,2,,
11:10:37 AM,12,2,,
11:10:38 AM,12,2,,
11:10:39 AM,12,2,,
11:10:40 AM,12,2,,
11:10:41 AM,12,2,,
11:10:42 AM,12,2,,
11:10:43 AM,12,2,,
11:10:44 AM,12,2,,
11:10:45 AM,12,2,,
11:10:46 AM,12,2,,
11:10:47 AM,12,2,,
11:10:48 AM,12,2,,
11:10:49 AM,12,2,,
11:10:50 AM,12,2,,
11:10:51 AM,12,2,,
11:10:52 AM,12,2,,
11:10:53 AM,12,2,,
11:10:54 AM,12,2,,
11:10:55 AM,12,2,,
11:10:56 AM,12,2,,
11:10:57 AM,12,2,,
11:10:58 AM,12,2,,
11:10:59 AM,12,2,,
11:11:00 AM,12,2,,
11:11:01 AM,12,2,,
11:11:02 AM,151,193,800,
11:11:03 AM,781,325,,400
11:11:04 AM,353,325,,
11:11:05 AM,353,325,,
11:11:06 AM,353,325,,
11:11:07 AM,353,325,,
11:11:08 AM,353,325,,
11:11:09 AM,353,325,,
11:11:10 AM,353,325,,
11:11:11 AM,353,325,,
11:11:12 AM,353,325,,
11:11:13 AM,353,325,,
11:11:14 AM,353,325,,
11:11:15 AM,353,325,,
11:11:16 AM,353,325,,
11:11:17 AM,353,325,,
11:11:18 AM,353,325,,
11:11:19 AM,353,325,,
11:11:20 AM,353,325,,
11:11:21 AM,353,325,,
11:11:22 AM,347,643,,
11:11:23 AM,505,163,,
11:11:24 AM,64,34,600,200
11:11:25 AM,64,8,,
11:11:26 AM,64,8,,
11:11:27 AM,64,8,,
11:11:28 AM,64,8,,
11:11:29 AM,64,8,,
11:11:30 AM,433,431,800,
11:11:31 AM,1361,777,,400
11:11:32 AM,1321,1621,,
11:11:33 AM,1321,1621,,
11:11:34 AM,1321,1581,,
11:11:35 AM,1321,1581,,
11:11:36 AM,1321,1581,,
11:11:37 AM,1339,1581,,
11:11:38 AM,1339,1581,,
11:11:39 AM,1339,1581,,
11:11:40 AM,1307,1581,,
11:11:41 AM,1307,1581,,
11:11:42 AM,1307,1581,,
11:11:43 AM,1309,1581,,
11:11:44 AM,1309,1581,,
11:11:45 AM,1309,1581,,
11:11:46 AM,1307,1539,,
11:11:47 AM,1303,1583,,
11:11:48 AM,1303,1551,,
11:11:49 AM,1303,1557,,
11:11:50 AM,1357,1599,,
11:11:51 AM,1347,1599,,
11:11:52 AM,1347,1599,,
11:11:53 AM,1347,1567,,
11:11:54 AM,1347,1567,,
11:11:55 AM,1293,1589,,
11:11:56 AM,1341,1559,,
11:11:57 AM,1299,1553,,
11:11:58 AM,1347,1607,,
11:11:59 AM,1347,1557,,
11:12:00 AM,1303,1557,,
11:12:01 AM,1299,1603,,
11:12:02 AM,1307,1559,,
11:12:03 AM,1307,1559,,
11:12:04 AM,1343,1605,,
11:12:05 AM,1307,1605,,
11:12:06 AM,1331,1599,,
11:12:07 AM,1345,1599,,
11:12:08 AM,1309,1591,,
11:12:09 AM,1309,1591,,
11:12:10 AM,1309,1591,,
11:12:11 AM,1309,1591,,
11:12:12 AM,1309,1557,,
11:12:13 AM,1365,1557,,
11:12:14 AM,1321,1591,,
11:12:15 AM,1321,1551,,
11:12:16 AM,1369,1561,,
11:12:17 AM,1323,1601,,
11:12:18 AM,1311,1601,,
11:12:19 AM,1317,1555,,
11:12:20 AM,1317,1551,,
11:12:21 AM,1327,1603,,
11:12:22 AM,1359,1603,,
11:12:23 AM,1365,1599,,
11:12:24 AM,1315,1593,,
11:12:25 AM,1315,1593,,
11:12:26 AM,1313,1555,,
11:12:27 AM,1371,1555,,
11:12:28 AM,1371,1557,,
11:12:29 AM,1365,1547,,
11:12:30 AM,1365,1595,,
11:12:31 AM,1313,1547,,
11:12:32 AM,1343,1547,,
11:12:33 AM,1343,1591,,
11:12:34 AM,1317,1543,,
11:12:35 AM,1317,1545,,
11:12:36 AM,1319,1541,,
11:12:37 AM,1319,1593,,
11:12:38 AM,1319,1593,,
11:12:39 AM,1319,1591,,
11:12:40 AM,1359,1585,,
11:12:41 AM,1365,1609,,
11:12:42 AM,1367,1553,,
11:12:43 AM,1367,1595,,
11:12:44 AM,1323,1605,,
11:12:45 AM,1323,1605,,
11:12:46 AM,1363,1561,,
11:12:47 AM,1369,1553,,
11:12:48 AM,1369,1553,,
11:12:49 AM,1327,1553,,
11:12:50 AM,1327,1547,,
11:12:51 AM,1313,1595,,
11:12:52 AM,1323,1549,,
11:12:53 AM,1323,1595,,
11:12:54 AM,1321,1595,,
11:12:55 AM,1357,1557,,
11:12:56 AM,1327,1557,,
11:12:57 AM,1327,1549,,
11:12:58 AM,1327,1595,,
11:12:59 AM,1363,1551,,
11:13:00 AM,1327,1601,,
11:13:01 AM,1327,1545,,
11:13:02 AM,1531,1475,,
11:13:03 AM,1531,1475,,
11:13:04 AM,915,515,,
11:13:05 AM,151,337,,
11:13:06 AM,151,141,600,200
11:13:07 AM,273,271,800,
11:13:08 AM,733,849,,400
11:13:09 AM,651,919,,
11:13:10 AM,441,919,,
11:13:11 AM,441,919,,
11:13:12 AM,441,919,,
11:13:13 AM,441,919,,
11:13:14 AM,441,919,,
11:13:15 AM,441,919,,
11:13:16 AM,441,899,,
11:13:17 AM,441,899,,
11:13:18 AM,441,899,,
11:13:19 AM,441,899,,
11:13:20 AM,441,899,,
11:13:21 AM,441,899,,
11:13:22 AM,441,899,,
11:13:23 AM,441,899,,
11:13:24 AM,441,899,,
11:13:25 AM,441,899,,
11:13:26 AM,441,899,,
11:13:27 AM,441,899,,
11:13:28 AM,329,899,,
11:13:29 AM,329,899,,
11:13:30 AM,329,899,,
11:13:31 AM,329,899,,
11:13:32 AM,329,899,,
11:13:33 AM,329,899,,
11:13:34 AM,329,899,,
11:13:35 AM,329,899,,
11:13:36 AM,329,899,,
11:13:37 AM,329,899,,
11:13:38 AM,329,899,,
11:13:39 AM,329,899,,
11:13:40 AM,329,899,,
11:13:41 AM,329,899,,
11:13:42 AM,329,899,,
11:13:43 AM,765,821,,
11:13:44 AM,665,921,,
11:13:45 AM,925,961,,
11:13:46 AM,157,88,600,200
11:13:47 AM,84,88,,
11:13:48 AM,84,88,800,
11:13:49 AM,145,139,,
11:13:50 AM,535,139,,400
11:13:51 AM,583,465,,
11:13:52 AM,583,663,,
11:13:53 AM,905,445,,
11:13:54 AM,905,463,,
11:13:55 AM,905,463,,
11:13:56 AM,905,463,,
11:13:57 AM,905,463,,
11:13:58 AM,905,463,,
11:13:59 AM,905,463,,
11:14:00 AM,905,463,,
11:14:01 AM,905,463,,
11:14:02 AM,905,463,,
11:14:03 AM,905,463,,
11:14:04 AM,349,463,,
11:14:05 AM,349,463,,
11:14:06 AM,349,463,,
11:14:07 AM,349,463,,
11:14:08 AM,349,463,,
11:14:09 AM,349,463,,
11:14:10 AM,349,463,,
11:14:11 AM,349,463,,
11:14:12 AM,349,463,,
11:14:13 AM,349,393,,
11:14:14 AM,349,393,,
11:14:15 AM,349,393,,
11:14:16 AM,349,393,,
11:14:17 AM,349,393,,
11:14:18 AM,349,393,,
11:14:19 AM,349,393,,
11:14:20 AM,349,393,,
11:14:21 AM,349,393,,
11:14:22 AM,499,557,,
11:14:23 AM,345,171,600,200
11:14:24 AM,84,56,,
11:14:25 AM,26,56,,
11:14:26 AM,26,56,,
11:14:27 AM,26,56,,
11:14:28 AM,26,56,,
11:14:29 AM,26,56,,
11:14:30 AM,26,56,,
11:14:31 AM,26,56,,
11:14:32 AM,26,56,,
11:14:33 AM,26,56,,
11:14:34 AM,26,56,,
11:14:35 AM,26,56,,
11:14:36 AM,26,56,,
11:14:37 AM,26,56,,
11:14:38 AM,26,56,,
11:14:39 AM,26,56,,
11:14:40 AM,26,56,,
11:14:41 AM,26,56,,
11:14:42 AM,26,56,,
11:14:43 AM,26,56,,
11:14:44 AM,26,56,,
11:14:45 AM,26,56,,
11:14:46 AM,26,56,,
11:14:47 AM,1249,321,800,
11:14:48 AM,953,661,,400
11:14:49 AM,851,661,,
11:14:50 AM,851,661,,
11:14:51 AM,851,661,,
11:14:52 AM,851,661,,
11:14:53 AM,815,661,,
11:14:54 AM,815,661,,
11:14:55 AM,815,661,,
11:14:56 AM,815,661,,
11:14:57 AM,815,661,,
11:14:58 AM,815,661,,
11:14:59 AM,815,661,,
11:15:00 AM,815,663,,
11:15:01 AM,837,663,,
11:15:02 AM,499,329,,
11:15:03 AM,177,289,600,
11:15:04 AM,76,46,,200
11:15:05 AM,76,46,,
11:15:06 AM,76,46,,
11:15:07 AM,76,46,,
11:15:08 AM,76,46,,
11:15:09 AM,76,46,,
11:15:10 AM,76,46,,
11:15:11 AM,76,6,,
11:15:12 AM,76,6,,
11:15:13 AM,76,6,,
11:15:14 AM,76,6,,
11:15:15 AM,76,6,,
11:15:16 AM,76,6,,
11:15:17 AM,76,6,,
11:15:18 AM,76,6,,
11:15:19 AM,76,6,,
11:15:20 AM,76,6,,
11:15:21 AM,76,6,,
11:15:22 AM,20,6,,
11:15:23 AM,20,6,,
11:15:24 AM,20,6,,
11:15:25 AM,20,6,,
11:15:26 AM,20,6,,
11:15:27 AM,20,6,,
11:15:28 AM,20,6,,
11:15:29 AM,20,6,,
11:15:30 AM,20,6,,
11:15:31 AM,20,6,,
11:15:32 AM,20,6,,
11:15:33 AM,20,6,,
11:15:34 AM,20,6,,
11:15:35 AM,20,6,,
11:15:36 AM,20,6,,
11:15:37 AM,20,6,,
11:15:38 AM,20,6,,
11:15:39 AM,20,6,,
11:15:40 AM,20,6,,
11:15:41 AM,20,6,,
11:15:42 AM,20,6,,
11:15:43 AM,20,6,,
11:15:44 AM,20,6,,
11:15:45 AM,20,6,,
11:15:46 AM,20,6,,
11:15:47 AM,20,6,,
11:15:48 AM,20,6,,
11:15:49 AM,20,6,,
11:15:50 AM,20,6,,
11:15:51 AM,20,6,,
11:15:52 AM,20,6,,
11:15:53 AM,20,6,,
11:15:54 AM,20,6,,
11:15:55 AM,20,6,,
11:15:56 AM,20,6,,
11:15:57 AM,20,6,,
11:15:58 AM,20,6,,
11:15:59 AM,20,6,,
11:16:00 AM,20,6,,
11:16:01 AM,20,6,,
11:16:02 AM,20,6,,
11:16:03 AM,20,6,,
11:16:04 AM,20,6,,
11:16:05 AM,20,6,,
11:16:06 AM,20,6,,
11:16:07 AM,20,6,,
11:16:08 AM,20,6,,
11:16:09 AM,20,2,,
11:16:10 AM,20,2,,
11:16:11 AM,20,2,,
11:16:12 AM,20,2,,
11:16:13 AM,20,2,,
11:16:14 AM,20,2,,
11:16:15 AM,20,2,,
11:16:16 AM,20,2,,
11:16:17 AM,20,2,,
11:16:18 AM,20,2,,
11:16:19 AM,20,2,,
11:16:20 AM,4,2,,
11:16:21 AM,4,2,,
11:16:22 AM,4,2,,
11:16:23 AM,4,2,,
11:16:24 AM,4,2,,
11:16:25 AM,4,2,,
11:16:26 AM,4,2,,
11:16:27 AM,4,2,,
11:16:28 AM,4,2,,
11:16:29 AM,4,2,,
11:16:30 AM,4,2,,
11:16:31 AM,4,2,,
11:16:32 AM,4,2,,
11:16:33 AM,4,2,,
11:16:34 AM,4,2,,
11:16:35 AM,4,2,,
11:16:36 AM,4,2,,
11:16:37 AM,4,2,,
11:16:38 AM,4,2,,
11:16:39 AM,4,2,,
11:16:40 AM,4,2,,
11:16:41 AM,4,2,,
11:16:42 AM,4,2,,
11:16:43 AM,4,2,,
11:16:44 AM,4,2,,
11:16:45 AM,4,2,,
11:16:46 AM,4,2,,
11:16:47 AM,4,2,,
11:16:48 AM,4,2,,
11:16:49 AM,4,2,,
11:16:50 AM,4,2,,
11:16:51 AM,4,2,,
11:16:52 AM,4,2,,
11:16:53 AM,4,2,,
11:16:54 AM,4,2,,
11:16:55 AM,4,2,,
